file,line,type,commit,author,date,time,timezone,datetime,depth,length
style.css,1,css,13c9a2f5,Jack Ding,2026-04-10,19:58:51,-07:00,2026-04-10T19:58:51-07:00,0,4
style.css,2,css,13c9a2f5,Jack Ding,2026-04-10,19:58:51,-07:00,2026-04-10T19:58:51-07:00,1,31
style.css,3,css,13c9a2f5,Jack Ding,2026-04-10,19:58:51,-07:00,2026-04-10T19:58:51-07:00,1,32
style.css,4,css,e80d2600,Jack Ding,2026-04-17,16:04:00,-07:00,2026-04-17T16:04:00-07:00,1,23
style.css,5,css,13c9a2f5,Jack Ding,2026-04-10,19:58:51,-07:00,2026-04-10T19:58:51-07:00,0,0
style.css,6,css,13c9a2f5,Jack Ding,2026-04-10,19:58:51,-07:00,2026-04-10T19:58:51-07:00,0,0
style.css,7,css,dc467642,Jack Ding,2026-04-03,13:13:07,-07:00,2026-04-03T13:13:07-07:00,0,4
style.css,8,css,dc467642,Jack Ding,2026-04-03,13:13:07,-07:00,2026-04-03T13:13:07-07:00,1,23
style.css,9,css,f6c14847,Jack Ding,2026-04-10,19:51:04,-07:00,2026-04-10T19:51:04-07:00,1,15
style.css,10,css,f6c14847,Jack Ding,2026-04-10,19:51:04,-07:00,2026-04-10T19:51:04-07:00,1,18
style.css,11,css,f6c14847,Jack Ding,2026-04-10,19:51:04,-07:00,2026-04-10T19:51:04-07:00,1,18
style.css,12,css,13c9a2f5,Jack Ding,2026-04-10,19:58:51,-07:00,2026-04-10T19:58:51-07:00,0,0
style.css,13,css,13c9a2f5,Jack Ding,2026-04-10,19:58:51,-07:00,2026-04-10T19:58:51-07:00,0,0
style.css,14,css,13c9a2f5,Jack Ding,2026-04-10,19:58:51,-07:00,2026-04-10T19:58:51-07:00,0,3
style.css,15,css,e80d2600,Jack Ding,2026-04-17,16:04:00,-07:00,2026-04-17T16:04:00-07:00,1,39
style.css,16,css,13c9a2f5,Jack Ding,2026-04-10,19:58:51,-07:00,2026-04-10T19:58:51-07:00,1,12
style.css,17,css,13c9a2f5,Jack Ding,2026-04-10,19:58:51,-07:00,2026-04-10T19:58:51-07:00,1,19
style.css,18,css,e80d2600,Jack Ding,2026-04-17,16:04:00,-07:00,2026-04-17T16:04:00-07:00,1,43
style.css,19,css,13c9a2f5,Jack Ding,2026-04-10,19:58:51,-07:00,2026-04-10T19:58:51-07:00,0,0
style.css,20,css,13c9a2f5,Jack Ding,2026-04-10,19:58:51,-07:00,2026-04-10T19:58:51-07:00,0,0
style.css,21,css,13c9a2f5,Jack Ding,2026-04-10,19:58:51,-07:00,2026-04-10T19:58:51-07:00,0,5
style.css,22,css,13c9a2f5,Jack Ding,2026-04-10,19:58:51,-07:00,2026-04-10T19:58:51-07:00,1,6
style.css,23,css,13c9a2f5,Jack Ding,2026-04-10,19:58:51,-07:00,2026-04-10T19:58:51-07:00,1,20
style.css,24,css,13c9a2f5,Jack Ding,2026-04-10,19:58:51,-07:00,2026-04-10T19:58:51-07:00,1,13
style.css,25,css,13c9a2f5,Jack Ding,2026-04-10,19:58:51,-07:00,2026-04-10T19:58:51-07:00,1,17
style.css,26,css,13c9a2f5,Jack Ding,2026-04-10,19:58:51,-07:00,2026-04-10T19:58:51-07:00,1,13
style.css,27,css,13c9a2f5,Jack Ding,2026-04-10,19:58:51,-07:00,2026-04-10T19:58:51-07:00,0,0
style.css,28,css,13c9a2f5,Jack Ding,2026-04-10,19:58:51,-07:00,2026-04-10T19:58:51-07:00,0,0
style.css,29,css,13c9a2f5,Jack Ding,2026-04-10,19:58:51,-07:00,2026-04-10T19:58:51-07:00,0,13
style.css,30,css,e80d2600,Jack Ding,2026-04-17,16:04:00,-07:00,2026-04-17T16:04:00-07:00,1,45
style.css,31,css,13c9a2f5,Jack Ding,2026-04-10,19:58:51,-07:00,2026-04-10T19:58:51-07:00,1,20
style.css,32,css,13c9a2f5,Jack Ding,2026-04-10,19:58:51,-07:00,2026-04-10T19:58:51-07:00,0,0
style.css,33,css,13c9a2f5,Jack Ding,2026-04-10,19:58:51,-07:00,2026-04-10T19:58:51-07:00,0,0
style.css,34,css,13c9a2f5,Jack Ding,2026-04-10,19:58:51,-07:00,2026-04-10T19:58:51-07:00,0,11
style.css,35,css,13c9a2f5,Jack Ding,2026-04-10,19:58:51,-07:00,2026-04-10T19:58:51-07:00,1,45
style.css,36,css,13c9a2f5,Jack Ding,2026-04-10,19:58:51,-07:00,2026-04-10T19:58:51-07:00,1,20
style.css,37,css,e80d2600,Jack Ding,2026-04-17,16:04:00,-07:00,2026-04-17T16:04:00-07:00,1,69
style.css,38,css,fe9ae0ac,Jack Ding,2026-04-10,20:02:29,-07:00,2026-04-10T20:02:29-07:00,0,0
style.css,39,css,fe9ae0ac,Jack Ding,2026-04-10,20:02:29,-07:00,2026-04-10T20:02:29-07:00,0,0
style.css,40,css,fe9ae0ac,Jack Ding,2026-04-10,20:02:29,-07:00,2026-04-10T20:02:29-07:00,0,4
style.css,41,css,fe9ae0ac,Jack Ding,2026-04-10,20:02:29,-07:00,2026-04-10T20:02:29-07:00,0,7
style.css,42,css,e80d2600,Jack Ding,2026-04-17,16:04:00,-07:00,2026-04-17T16:04:00-07:00,0,5
style.css,43,css,e80d2600,Jack Ding,2026-04-17,16:04:00,-07:00,2026-04-17T16:04:00-07:00,0,6
style.css,44,css,fe9ae0ac,Jack Ding,2026-04-10,20:02:29,-07:00,2026-04-10T20:02:29-07:00,1,12
style.css,45,css,fe9ae0ac,Jack Ding,2026-04-10,20:02:29,-07:00,2026-04-10T20:02:29-07:00,0,0
style.css,46,css,fe9ae0ac,Jack Ding,2026-04-10,20:02:29,-07:00,2026-04-10T20:02:29-07:00,0,0
style.css,47,css,e80d2600,Jack Ding,2026-04-17,16:04:00,-07:00,2026-04-17T16:04:00-07:00,0,13
style.css,48,css,e80d2600,Jack Ding,2026-04-17,16:04:00,-07:00,2026-04-17T16:04:00-07:00,1,17
style.css,49,css,e80d2600,Jack Ding,2026-04-17,16:04:00,-07:00,2026-04-17T16:04:00-07:00,1,8
style.css,50,css,e80d2600,Jack Ding,2026-04-17,16:04:00,-07:00,2026-04-17T16:04:00-07:00,1,10
style.css,51,css,e80d2600,Jack Ding,2026-04-17,16:04:00,-07:00,2026-04-17T16:04:00-07:00,1,13
style.css,52,css,e80d2600,Jack Ding,2026-04-17,16:04:00,-07:00,2026-04-17T16:04:00-07:00,0,0
style.css,53,css,e80d2600,Jack Ding,2026-04-17,16:04:00,-07:00,2026-04-17T16:04:00-07:00,0,0
style.css,54,css,fe9ae0ac,Jack Ding,2026-04-10,20:02:29,-07:00,2026-04-10T20:02:29-07:00,0,4
style.css,55,css,fe9ae0ac,Jack Ding,2026-04-10,20:02:29,-07:00,2026-04-10T20:02:29-07:00,1,12
style.css,56,css,fe9ae0ac,Jack Ding,2026-04-10,20:02:29,-07:00,2026-04-10T20:02:29-07:00,1,30
style.css,57,css,fe9ae0ac,Jack Ding,2026-04-10,20:02:29,-07:00,2026-04-10T20:02:29-07:00,1,7
style.css,58,css,fe9ae0ac,Jack Ding,2026-04-10,20:02:29,-07:00,2026-04-10T20:02:29-07:00,0,0
style.css,59,css,fe9ae0ac,Jack Ding,2026-04-10,20:02:29,-07:00,2026-04-10T20:02:29-07:00,0,0
style.css,60,css,fe9ae0ac,Jack Ding,2026-04-10,20:02:29,-07:00,2026-04-10T20:02:29-07:00,0,10
style.css,61,css,fe9ae0ac,Jack Ding,2026-04-10,20:02:29,-07:00,2026-04-10T20:02:29-07:00,1,12
style.css,62,css,fe9ae0ac,Jack Ding,2026-04-10,20:02:29,-07:00,2026-04-10T20:02:29-07:00,1,29
style.css,63,css,fe9ae0ac,Jack Ding,2026-04-10,20:02:29,-07:00,2026-04-10T20:02:29-07:00,1,18
style.css,64,css,fe9ae0ac,Jack Ding,2026-04-10,20:02:29,-07:00,2026-04-10T20:02:29-07:00,0,0
style.css,65,css,fe9ae0ac,Jack Ding,2026-04-10,20:02:29,-07:00,2026-04-10T20:02:29-07:00,0,0
style.css,66,css,fe9ae0ac,Jack Ding,2026-04-10,20:02:29,-07:00,2026-04-10T20:02:29-07:00,0,4
style.css,67,css,fe9ae0ac,Jack Ding,2026-04-10,20:02:29,-07:00,2026-04-10T20:02:29-07:00,0,8
style.css,68,css,fe9ae0ac,Jack Ding,2026-04-10,20:02:29,-07:00,2026-04-10T20:02:29-07:00,1,10
style.css,69,css,fe9ae0ac,Jack Ding,2026-04-10,20:02:29,-07:00,2026-04-10T20:02:29-07:00,1,21
style.css,70,css,fe9ae0ac,Jack Ding,2026-04-10,20:02:29,-07:00,2026-04-10T20:02:29-07:00,0,0
style.css,71,css,fe9ae0ac,Jack Ding,2026-04-10,20:02:29,-07:00,2026-04-10T20:02:29-07:00,0,0
style.css,72,css,fe9ae0ac,Jack Ding,2026-04-10,20:02:29,-07:00,2026-04-10T20:02:29-07:00,0,6
style.css,73,css,fe9ae0ac,Jack Ding,2026-04-10,20:02:29,-07:00,2026-04-10T20:02:29-07:00,1,18
style.css,74,css,c3457729,Jack Ding,2026-04-10,20:07:50,-07:00,2026-04-10T20:07:50-07:00,0,0
style.css,75,css,c3457729,Jack Ding,2026-04-10,20:07:50,-07:00,2026-04-10T20:07:50-07:00,0,0
style.css,76,css,c3457729,Jack Ding,2026-04-10,20:07:50,-07:00,2026-04-10T20:07:50-07:00,0,1
style.css,77,css,c3457729,Jack Ding,2026-04-10,20:07:50,-07:00,2026-04-10T20:07:50-07:00,0,1
style.css,78,css,c3457729,Jack Ding,2026-04-10,20:07:50,-07:00,2026-04-10T20:07:50-07:00,0,1
style.css,79,css,c3457729,Jack Ding,2026-04-10,20:07:50,-07:00,2026-04-10T20:07:50-07:00,0,1
style.css,80,css,c3457729,Jack Ding,2026-04-10,20:07:50,-07:00,2026-04-10T20:07:50-07:00,0,1
style.css,81,css,c3457729,Jack Ding,2026-04-10,20:07:50,-07:00,2026-04-10T20:07:50-07:00,0,2
style.css,82,css,c3457729,Jack Ding,2026-04-10,20:07:50,-07:00,2026-04-10T20:07:50-07:00,1,15
style.css,83,css,c3457729,Jack Ding,2026-04-10,20:07:50,-07:00,2026-04-10T20:07:50-07:00,1,17
style.css,84,css,c3457729,Jack Ding,2026-04-10,20:07:50,-07:00,2026-04-10T20:07:50-07:00,0,0
style.css,85,css,c3457729,Jack Ding,2026-04-10,20:07:50,-07:00,2026-04-10T20:07:50-07:00,0,0
style.css,86,css,c3457729,Jack Ding,2026-04-10,20:07:50,-07:00,2026-04-10T20:07:50-07:00,0,2
style.css,87,css,c3457729,Jack Ding,2026-04-10,20:07:50,-07:00,2026-04-10T20:07:50-07:00,1,14
style.css,88,css,c3457729,Jack Ding,2026-04-10,20:07:50,-07:00,2026-04-10T20:07:50-07:00,0,0
style.css,89,css,c3457729,Jack Ding,2026-04-10,20:07:50,-07:00,2026-04-10T20:07:50-07:00,0,0
style.css,90,css,c3457729,Jack Ding,2026-04-10,20:07:50,-07:00,2026-04-10T20:07:50-07:00,0,9
style.css,91,css,c3457729,Jack Ding,2026-04-10,20:07:50,-07:00,2026-04-10T20:07:50-07:00,1,12
style.css,92,css,c3457729,Jack Ding,2026-04-10,20:07:50,-07:00,2026-04-10T20:07:50-07:00,1,58
style.css,93,css,c3457729,Jack Ding,2026-04-10,20:07:50,-07:00,2026-04-10T20:07:50-07:00,1,7
style.css,94,css,c3457729,Jack Ding,2026-04-10,20:07:50,-07:00,2026-04-10T20:07:50-07:00,0,0
style.css,95,css,c3457729,Jack Ding,2026-04-10,20:07:50,-07:00,2026-04-10T20:07:50-07:00,0,0
style.css,96,css,c3457729,Jack Ding,2026-04-10,20:07:50,-07:00,2026-04-10T20:07:50-07:00,0,17
style.css,97,css,c3457729,Jack Ding,2026-04-10,20:07:50,-07:00,2026-04-10T20:07:50-07:00,1,12
style.css,98,css,c3457729,Jack Ding,2026-04-10,20:07:50,-07:00,2026-04-10T20:07:50-07:00,1,26
style.css,99,css,c3457729,Jack Ding,2026-04-10,20:07:50,-07:00,2026-04-10T20:07:50-07:00,1,15
style.css,100,css,c3457729,Jack Ding,2026-04-10,20:07:50,-07:00,2026-04-10T20:07:50-07:00,0,0
style.css,101,css,c3457729,Jack Ding,2026-04-10,20:07:50,-07:00,2026-04-10T20:07:50-07:00,0,0
style.css,102,css,c3457729,Jack Ding,2026-04-10,20:07:50,-07:00,2026-04-10T20:07:50-07:00,0,12
style.css,103,css,c3457729,Jack Ding,2026-04-10,20:07:50,-07:00,2026-04-10T20:07:50-07:00,1,8
style.css,104,css,c3457729,Jack Ding,2026-04-10,20:07:50,-07:00,2026-04-10T20:07:50-07:00,0,0
style.css,105,css,c3457729,Jack Ding,2026-04-10,20:07:50,-07:00,2026-04-10T20:07:50-07:00,0,0
style.css,106,css,c3457729,Jack Ding,2026-04-10,20:07:50,-07:00,2026-04-10T20:07:50-07:00,0,13
style.css,107,css,c3457729,Jack Ding,2026-04-10,20:07:50,-07:00,2026-04-10T20:07:50-07:00,1,10
style.css,108,css,c3457729,Jack Ding,2026-04-10,20:07:50,-07:00,2026-04-10T20:07:50-07:00,1,11
style.css,109,css,ea3c67c1,Jack Ding,2026-04-10,20:28:03,-07:00,2026-04-10T20:28:03-07:00,0,0
style.css,110,css,ea3c67c1,Jack Ding,2026-04-10,20:28:03,-07:00,2026-04-10T20:28:03-07:00,0,0
style.css,111,css,59df40af,Jack Ding,2026-04-30,23:32:36,-07:00,2026-04-30T23:32:36-07:00,0,13
style.css,112,css,59df40af,Jack Ding,2026-04-30,23:32:36,-07:00,2026-04-30T23:32:36-07:00,1,30
style.css,113,css,59df40af,Jack Ding,2026-04-30,23:32:36,-07:00,2026-04-30T23:32:36-07:00,1,34
style.css,114,css,59df40af,Jack Ding,2026-04-30,23:32:36,-07:00,2026-04-30T23:32:36-07:00,1,21
style.css,115,css,59df40af,Jack Ding,2026-04-30,23:32:36,-07:00,2026-04-30T23:32:36-07:00,1,49
style.css,116,css,59df40af,Jack Ding,2026-04-30,23:32:36,-07:00,2026-04-30T23:32:36-07:00,0,0
style.css,117,css,59df40af,Jack Ding,2026-04-30,23:32:36,-07:00,2026-04-30T23:32:36-07:00,0,0
style.css,118,css,59df40af,Jack Ding,2026-04-30,23:32:36,-07:00,2026-04-30T23:32:36-07:00,0,15
style.css,119,css,59df40af,Jack Ding,2026-04-30,23:32:36,-07:00,2026-04-30T23:32:36-07:00,1,12
style.css,120,css,59df40af,Jack Ding,2026-04-30,23:32:36,-07:00,2026-04-30T23:32:36-07:00,1,18
style.css,121,css,59df40af,Jack Ding,2026-04-30,23:32:36,-07:00,2026-04-30T23:32:36-07:00,1,7
style.css,122,css,59df40af,Jack Ding,2026-04-30,23:32:36,-07:00,2026-04-30T23:32:36-07:00,1,16
style.css,123,css,59df40af,Jack Ding,2026-04-30,23:32:36,-07:00,2026-04-30T23:32:36-07:00,0,0
style.css,124,css,59df40af,Jack Ding,2026-04-30,23:32:36,-07:00,2026-04-30T23:32:36-07:00,0,0
style.css,125,css,59df40af,Jack Ding,2026-04-30,23:32:36,-07:00,2026-04-30T23:32:36-07:00,0,18
style.css,126,css,59df40af,Jack Ding,2026-04-30,23:32:36,-07:00,2026-04-30T23:32:36-07:00,1,14
style.css,127,css,59df40af,Jack Ding,2026-04-30,23:32:36,-07:00,2026-04-30T23:32:36-07:00,1,16
style.css,128,css,59df40af,Jack Ding,2026-04-30,23:32:36,-07:00,2026-04-30T23:32:36-07:00,0,0
style.css,129,css,59df40af,Jack Ding,2026-04-30,23:32:36,-07:00,2026-04-30T23:32:36-07:00,0,0
style.css,130,css,59df40af,Jack Ding,2026-04-30,23:32:36,-07:00,2026-04-30T23:32:36-07:00,0,7
style.css,131,css,59df40af,Jack Ding,2026-04-30,23:32:36,-07:00,2026-04-30T23:32:36-07:00,1,6
style.css,132,css,59df40af,Jack Ding,2026-04-30,23:32:36,-07:00,2026-04-30T23:32:36-07:00,1,12
style.css,133,css,59df40af,Jack Ding,2026-04-30,23:32:36,-07:00,2026-04-30T23:32:36-07:00,1,57
style.css,134,css,59df40af,Jack Ding,2026-04-30,23:32:36,-07:00,2026-04-30T23:32:36-07:00,1,14
style.css,135,css,59df40af,Jack Ding,2026-04-30,23:32:36,-07:00,2026-04-30T23:32:36-07:00,1,11
style.css,136,css,59df40af,Jack Ding,2026-04-30,23:32:36,-07:00,2026-04-30T23:32:36-07:00,1,8
style.css,137,css,59df40af,Jack Ding,2026-04-30,23:32:36,-07:00,2026-04-30T23:32:36-07:00,1,34
style.css,138,css,59df40af,Jack Ding,2026-04-30,23:32:36,-07:00,2026-04-30T23:32:36-07:00,1,19
style.css,139,css,59df40af,Jack Ding,2026-04-30,23:32:36,-07:00,2026-04-30T23:32:36-07:00,1,15
style.css,140,css,59df40af,Jack Ding,2026-04-30,23:32:36,-07:00,2026-04-30T23:32:36-07:00,0,0
style.css,141,css,59df40af,Jack Ding,2026-04-30,23:32:36,-07:00,2026-04-30T23:32:36-07:00,0,0
style.css,142,css,59df40af,Jack Ding,2026-04-30,23:32:36,-07:00,2026-04-30T23:32:36-07:00,0,12
style.css,143,css,59df40af,Jack Ding,2026-04-30,23:32:36,-07:00,2026-04-30T23:32:36-07:00,1,12
style.css,144,css,59df40af,Jack Ding,2026-04-30,23:32:36,-07:00,2026-04-30T23:32:36-07:00,1,18
style.css,145,css,59df40af,Jack Ding,2026-04-30,23:32:36,-07:00,2026-04-30T23:32:36-07:00,1,9
style.css,146,css,59df40af,Jack Ding,2026-04-30,23:32:36,-07:00,2026-04-30T23:32:36-07:00,0,0
style.css,147,css,59df40af,Jack Ding,2026-04-30,23:32:36,-07:00,2026-04-30T23:32:36-07:00,0,0
style.css,148,css,59df40af,Jack Ding,2026-04-30,23:32:36,-07:00,2026-04-30T23:32:36-07:00,0,7
style.css,149,css,59df40af,Jack Ding,2026-04-30,23:32:36,-07:00,2026-04-30T23:32:36-07:00,1,20
style.css,150,css,59df40af,Jack Ding,2026-04-30,23:32:36,-07:00,2026-04-30T23:32:36-07:00,1,9
style.css,151,css,59df40af,Jack Ding,2026-04-30,23:32:36,-07:00,2026-04-30T23:32:36-07:00,1,18
style.css,152,css,59df40af,Jack Ding,2026-04-30,23:32:36,-07:00,2026-04-30T23:32:36-07:00,1,23
style.css,153,css,59df40af,Jack Ding,2026-04-30,23:32:36,-07:00,2026-04-30T23:32:36-07:00,1,19
style.css,154,css,59df40af,Jack Ding,2026-04-30,23:32:36,-07:00,2026-04-30T23:32:36-07:00,0,0
style.css,155,css,59df40af,Jack Ding,2026-04-30,23:32:36,-07:00,2026-04-30T23:32:36-07:00,0,0
style.css,156,css,59df40af,Jack Ding,2026-04-30,23:32:36,-07:00,2026-04-30T23:32:36-07:00,0,10
style.css,157,css,59df40af,Jack Ding,2026-04-30,23:32:36,-07:00,2026-04-30T23:32:36-07:00,1,13
style.css,158,css,59df40af,Jack Ding,2026-04-30,23:32:36,-07:00,2026-04-30T23:32:36-07:00,1,20
style.css,159,css,59df40af,Jack Ding,2026-04-30,23:32:36,-07:00,2026-04-30T23:32:36-07:00,1,13
style.css,160,css,59df40af,Jack Ding,2026-04-30,23:32:36,-07:00,2026-04-30T23:32:36-07:00,0,0
style.css,161,css,59df40af,Jack Ding,2026-04-30,23:32:36,-07:00,2026-04-30T23:32:36-07:00,0,0
style.css,162,css,ea3c67c1,Jack Ding,2026-04-10,20:28:03,-07:00,2026-04-10T20:28:03-07:00,0,19
style.css,163,css,ea3c67c1,Jack Ding,2026-04-10,20:28:03,-07:00,2026-04-10T20:28:03-07:00,1,34
style.css,164,css,ea3c67c1,Jack Ding,2026-04-10,20:28:03,-07:00,2026-04-10T20:28:03-07:00,1,19
style.css,165,css,ea3c67c1,Jack Ding,2026-04-10,20:28:03,-07:00,2026-04-10T20:28:03-07:00,1,17
style.css,166,css,ea3c67c1,Jack Ding,2026-04-10,20:28:03,-07:00,2026-04-10T20:28:03-07:00,0,0
style.css,167,css,ea3c67c1,Jack Ding,2026-04-10,20:28:03,-07:00,2026-04-10T20:28:03-07:00,0,0
style.css,168,css,ea3c67c1,Jack Ding,2026-04-10,20:28:03,-07:00,2026-04-10T20:28:03-07:00,0,20
style.css,169,css,ea3c67c1,Jack Ding,2026-04-10,20:28:03,-07:00,2026-04-10T20:28:03-07:00,1,16
style.css,170,css,ea3c67c1,Jack Ding,2026-04-10,20:28:03,-07:00,2026-04-10T20:28:03-07:00,0,0
style.css,171,css,ea3c67c1,Jack Ding,2026-04-10,20:28:03,-07:00,2026-04-10T20:28:03-07:00,0,0
style.css,172,css,ea3c67c1,Jack Ding,2026-04-10,20:28:03,-07:00,2026-04-10T20:28:03-07:00,0,15
style.css,173,css,ea3c67c1,Jack Ding,2026-04-10,20:28:03,-07:00,2026-04-10T20:28:03-07:00,1,41
style.css,174,css,ea3c67c1,Jack Ding,2026-04-10,20:28:03,-07:00,2026-04-10T20:28:03-07:00,1,20
style.css,175,css,ea3c67c1,Jack Ding,2026-04-10,20:28:03,-07:00,2026-04-10T20:28:03-07:00,1,20
style.css,176,css,ea3c67c1,Jack Ding,2026-04-10,20:28:03,-07:00,2026-04-10T20:28:03-07:00,0,0
style.css,177,css,ea3c67c1,Jack Ding,2026-04-10,20:28:03,-07:00,2026-04-10T20:28:03-07:00,0,0
style.css,178,css,ea3c67c1,Jack Ding,2026-04-10,20:28:03,-07:00,2026-04-10T20:28:03-07:00,0,20
style.css,179,css,ea3c67c1,Jack Ding,2026-04-10,20:28:03,-07:00,2026-04-10T20:28:03-07:00,1,16
style.css,180,css,ea3c67c1,Jack Ding,2026-04-10,20:28:03,-07:00,2026-04-10T20:28:03-07:00,1,11
style.css,181,css,ea3c67c1,Jack Ding,2026-04-10,20:28:03,-07:00,2026-04-10T20:28:03-07:00,1,34
style.css,182,css,ea3c67c1,Jack Ding,2026-04-10,20:28:03,-07:00,2026-04-10T20:28:03-07:00,1,19
style.css,183,css,ea3c67c1,Jack Ding,2026-04-10,20:28:03,-07:00,2026-04-10T20:28:03-07:00,0,0
style.css,184,css,ea3c67c1,Jack Ding,2026-04-10,20:28:03,-07:00,2026-04-10T20:28:03-07:00,0,0
style.css,185,css,ea3c67c1,Jack Ding,2026-04-10,20:28:03,-07:00,2026-04-10T20:28:03-07:00,0,19
style.css,186,css,ea3c67c1,Jack Ding,2026-04-10,20:28:03,-07:00,2026-04-10T20:28:03-07:00,1,19
style.css,187,css,ea3c67c1,Jack Ding,2026-04-10,20:28:03,-07:00,2026-04-10T20:28:03-07:00,0,0
style.css,188,css,ea3c67c1,Jack Ding,2026-04-10,20:28:03,-07:00,2026-04-10T20:28:03-07:00,0,0
style.css,189,css,ea3c67c1,Jack Ding,2026-04-10,20:28:03,-07:00,2026-04-10T20:28:03-07:00,0,15
style.css,190,css,ea3c67c1,Jack Ding,2026-04-10,20:28:03,-07:00,2026-04-10T20:28:03-07:00,1,19
style.css,191,css,ea3c67c1,Jack Ding,2026-04-10,20:28:03,-07:00,2026-04-10T20:28:03-07:00,0,0
style.css,192,css,ea3c67c1,Jack Ding,2026-04-10,20:28:03,-07:00,2026-04-10T20:28:03-07:00,0,0
style.css,193,css,ea3c67c1,Jack Ding,2026-04-10,20:28:03,-07:00,2026-04-10T20:28:03-07:00,0,13
style.css,194,css,ea3c67c1,Jack Ding,2026-04-10,20:28:03,-07:00,2026-04-10T20:28:03-07:00,0,15
style.css,195,css,ea3c67c1,Jack Ding,2026-04-10,20:28:03,-07:00,2026-04-10T20:28:03-07:00,1,18
style.css,196,css,75e82099,Jack Ding,2026-04-24,20:08:31,-07:00,2026-04-24T20:08:31-07:00,0,0
style.css,197,css,75e82099,Jack Ding,2026-04-24,20:08:31,-07:00,2026-04-24T20:08:31-07:00,0,0
style.css,198,css,75e82099,Jack Ding,2026-04-24,20:08:31,-07:00,2026-04-24T20:08:31-07:00,0,17
style.css,199,css,75e82099,Jack Ding,2026-04-24,20:08:31,-07:00,2026-04-24T20:08:31-07:00,1,12
style.css,200,css,75e82099,Jack Ding,2026-04-24,20:08:31,-07:00,2026-04-24T20:08:31-07:00,1,36
style.css,201,css,75e82099,Jack Ding,2026-04-24,20:08:31,-07:00,2026-04-24T20:08:31-07:00,1,9
style.css,202,css,75e82099,Jack Ding,2026-04-24,20:08:31,-07:00,2026-04-24T20:08:31-07:00,1,17
style.css,203,css,75e82099,Jack Ding,2026-04-24,20:08:31,-07:00,2026-04-24T20:08:31-07:00,0,0
style.css,204,css,75e82099,Jack Ding,2026-04-24,20:08:31,-07:00,2026-04-24T20:08:31-07:00,0,0
style.css,205,css,75e82099,Jack Ding,2026-04-24,20:08:31,-07:00,2026-04-24T20:08:31-07:00,0,17
style.css,206,css,75e82099,Jack Ding,2026-04-24,20:08:31,-07:00,2026-04-24T20:08:31-07:00,1,16
style.css,207,css,75e82099,Jack Ding,2026-04-24,20:08:31,-07:00,2026-04-24T20:08:31-07:00,1,10
style.css,208,css,75e82099,Jack Ding,2026-04-24,20:08:31,-07:00,2026-04-24T20:08:31-07:00,0,0
style.css,209,css,75e82099,Jack Ding,2026-04-24,20:08:31,-07:00,2026-04-24T20:08:31-07:00,0,0
style.css,210,css,75e82099,Jack Ding,2026-04-24,20:08:31,-07:00,2026-04-24T20:08:31-07:00,0,17
style.css,211,css,75e82099,Jack Ding,2026-04-24,20:08:31,-07:00,2026-04-24T20:08:31-07:00,1,10
style.css,212,css,75e82099,Jack Ding,2026-04-24,20:08:31,-07:00,2026-04-24T20:08:31-07:00,1,8
style.css,213,css,59df40af,Jack Ding,2026-04-30,23:32:36,-07:00,2026-04-30T23:32:36-07:00,0,0
style.css,214,css,59df40af,Jack Ding,2026-04-30,23:32:36,-07:00,2026-04-30T23:32:36-07:00,0,0
style.css,215,css,59df40af,Jack Ding,2026-04-30,23:32:36,-07:00,2026-04-30T23:32:36-07:00,0,23
style.css,216,css,59df40af,Jack Ding,2026-04-30,23:32:36,-07:00,2026-04-30T23:32:36-07:00,1,16
style.css,217,css,59df40af,Jack Ding,2026-04-30,23:32:36,-07:00,2026-04-30T23:32:36-07:00,1,14
style.css,218,css,59df40af,Jack Ding,2026-04-30,23:32:36,-07:00,2026-04-30T23:32:36-07:00,0,0
style.css,219,css,59df40af,Jack Ding,2026-04-30,23:32:36,-07:00,2026-04-30T23:32:36-07:00,0,0
style.css,220,css,59df40af,Jack Ding,2026-04-30,23:32:36,-07:00,2026-04-30T23:32:36-07:00,0,51
style.css,221,css,59df40af,Jack Ding,2026-04-30,23:32:36,-07:00,2026-04-30T23:32:36-07:00,1,11
style.css,222,css,59df40af,Jack Ding,2026-04-30,23:32:36,-07:00,2026-04-30T23:32:36-07:00,0,0
style.css,223,css,59df40af,Jack Ding,2026-04-30,23:32:36,-07:00,2026-04-30T23:32:36-07:00,0,0
style.css,224,css,59df40af,Jack Ding,2026-04-30,23:32:36,-07:00,2026-04-30T23:32:36-07:00,0,12
style.css,225,css,59df40af,Jack Ding,2026-04-30,23:32:36,-07:00,2026-04-30T23:32:36-07:00,1,14
style.css,226,css,59df40af,Jack Ding,2026-04-30,23:32:36,-07:00,2026-04-30T23:32:36-07:00,0,0
style.css,227,css,59df40af,Jack Ding,2026-04-30,23:32:36,-07:00,2026-04-30T23:32:36-07:00,0,0
style.css,228,css,59df40af,Jack Ding,2026-04-30,23:32:36,-07:00,2026-04-30T23:32:36-07:00,0,9
style.css,229,css,59df40af,Jack Ding,2026-04-30,23:32:36,-07:00,2026-04-30T23:32:36-07:00,1,35
style.css,230,css,59df40af,Jack Ding,2026-04-30,23:32:36,-07:00,2026-04-30T23:32:36-07:00,0,0
style.css,231,css,59df40af,Jack Ding,2026-04-30,23:32:36,-07:00,2026-04-30T23:32:36-07:00,0,0
style.css,232,css,59df40af,Jack Ding,2026-04-30,23:32:36,-07:00,2026-04-30T23:32:36-07:00,0,18
style.css,233,css,59df40af,Jack Ding,2026-04-30,23:32:36,-07:00,2026-04-30T23:32:36-07:00,1,17
style.css,234,css,59df40af,Jack Ding,2026-04-30,23:32:36,-07:00,2026-04-30T23:32:36-07:00,0,0
style.css,235,css,59df40af,Jack Ding,2026-04-30,23:32:36,-07:00,2026-04-30T23:32:36-07:00,0,0
style.css,236,css,59df40af,Jack Ding,2026-04-30,23:32:36,-07:00,2026-04-30T23:32:36-07:00,0,21
style.css,237,css,59df40af,Jack Ding,2026-04-30,23:32:36,-07:00,2026-04-30T23:32:36-07:00,1,18
style.css,238,css,59df40af,Jack Ding,2026-04-30,23:32:36,-07:00,2026-04-30T23:32:36-07:00,1,16
style.css,239,css,59df40af,Jack Ding,2026-04-30,23:32:36,-07:00,2026-04-30T23:32:36-07:00,0,0
style.css,240,css,59df40af,Jack Ding,2026-04-30,23:32:36,-07:00,2026-04-30T23:32:36-07:00,0,0
style.css,241,css,59df40af,Jack Ding,2026-04-30,23:32:36,-07:00,2026-04-30T23:32:36-07:00,0,29
style.css,242,css,59df40af,Jack Ding,2026-04-30,23:32:36,-07:00,2026-04-30T23:32:36-07:00,1,23
style.css,243,css,59df40af,Jack Ding,2026-04-30,23:32:36,-07:00,2026-04-30T23:32:36-07:00,0,0
index.js,1,js,75e82099,Jack Ding,2026-04-24,20:08:31,-07:00,2026-04-24T20:08:31-07:00,0,71
index.js,2,js,be25cb17,Jack Ding,2026-04-24,19:42:57,-07:00,2026-04-24T19:42:57-07:00,0,0
index.js,3,js,be25cb17,Jack Ding,2026-04-24,19:42:57,-07:00,2026-04-24T19:42:57-07:00,0,54
index.js,4,js,be25cb17,Jack Ding,2026-04-24,19:42:57,-07:00,2026-04-24T19:42:57-07:00,0,0
index.js,5,js,be25cb17,Jack Ding,2026-04-24,19:42:57,-07:00,2026-04-24T19:42:57-07:00,0,42
index.js,6,js,be25cb17,Jack Ding,2026-04-24,19:42:57,-07:00,2026-04-24T19:42:57-07:00,0,0
index.js,7,js,be25cb17,Jack Ding,2026-04-24,19:42:57,-07:00,2026-04-24T19:42:57-07:00,0,60
index.js,8,js,be25cb17,Jack Ding,2026-04-24,19:42:57,-07:00,2026-04-24T19:42:57-07:00,0,0
index.js,9,js,75e82099,Jack Ding,2026-04-24,20:08:31,-07:00,2026-04-24T20:08:31-07:00,0,54
index.js,10,js,75e82099,Jack Ding,2026-04-24,20:08:31,-07:00,2026-04-24T20:08:31-07:00,0,0
index.js,11,js,75e82099,Jack Ding,2026-04-24,20:08:31,-07:00,2026-04-24T20:08:31-07:00,0,56
index.js,12,js,75e82099,Jack Ding,2026-04-24,20:08:31,-07:00,2026-04-24T20:08:31-07:00,0,0
index.js,13,js,75e82099,Jack Ding,2026-04-24,20:08:31,-07:00,2026-04-24T20:08:31-07:00,0,60
index.js,14,js,75e82099,Jack Ding,2026-04-24,20:08:31,-07:00,2026-04-24T20:08:31-07:00,0,0
index.js,15,js,75e82099,Jack Ding,2026-04-24,20:08:31,-07:00,2026-04-24T20:08:31-07:00,0,17
index.js,16,js,75e82099,Jack Ding,2026-04-24,20:08:31,-07:00,2026-04-24T20:08:31-07:00,1,24
index.js,17,js,75e82099,Jack Ding,2026-04-24,20:08:31,-07:00,2026-04-24T20:08:31-07:00,2,2
index.js,18,js,75e82099,Jack Ding,2026-04-24,20:08:31,-07:00,2026-04-24T20:08:31-07:00,3,55
index.js,19,js,75e82099,Jack Ding,2026-04-24,20:08:31,-07:00,2026-04-24T20:08:31-07:00,3,55
index.js,20,js,75e82099,Jack Ding,2026-04-24,20:08:31,-07:00,2026-04-24T20:08:31-07:00,3,49
index.js,21,js,75e82099,Jack Ding,2026-04-24,20:08:31,-07:00,2026-04-24T20:08:31-07:00,3,49
index.js,22,js,75e82099,Jack Ding,2026-04-24,20:08:31,-07:00,2026-04-24T20:08:31-07:00,2,3
index.js,23,js,75e82099,Jack Ding,2026-04-24,20:08:31,-07:00,2026-04-24T20:08:31-07:00,1,0
index.js,24,js,75e82099,Jack Ding,2026-04-24,20:08:31,-07:00,2026-04-24T20:08:31-07:00,0,0
index.html,1,html,6cfc06fd,Jack Ding,2026-04-03,12:46:57,-07:00,2026-04-03T12:46:57-07:00,0,13
index.html,2,html,6cfc06fd,Jack Ding,2026-04-03,12:46:57,-07:00,2026-04-03T12:46:57-07:00,0,14
index.html,3,html,6cfc06fd,Jack Ding,2026-04-03,12:46:57,-07:00,2026-04-03T12:46:57-07:00,0,4
index.html,4,html,6cfc06fd,Jack Ding,2026-04-03,12:46:57,-07:00,2026-04-03T12:46:57-07:00,2,20
index.html,5,html,6cfc06fd,Jack Ding,2026-04-03,12:46:57,-07:00,2026-04-03T12:46:57-07:00,2,68
index.html,6,html,6cfc06fd,Jack Ding,2026-04-03,12:46:57,-07:00,2026-04-03T12:46:57-07:00,2,51
index.html,7,html,dc467642,Jack Ding,2026-04-03,13:13:07,-07:00,2026-04-03T13:13:07-07:00,2,40
index.html,8,html,6cfc06fd,Jack Ding,2026-04-03,12:46:57,-07:00,2026-04-03T12:46:57-07:00,0,5
index.html,9,html,6cfc06fd,Jack Ding,2026-04-03,12:46:57,-07:00,2026-04-03T12:46:57-07:00,0,4
index.html,10,html,dc467642,Jack Ding,2026-04-03,13:13:07,-07:00,2026-04-03T13:13:07-07:00,0,0
index.html,11,html,6cfc06fd,Jack Ding,2026-04-03,12:46:57,-07:00,2026-04-03T12:46:57-07:00,2,16
index.html,12,html,dc467642,Jack Ding,2026-04-03,13:13:07,-07:00,2026-04-03T13:13:07-07:00,0,0
index.html,13,html,dc467642,Jack Ding,2026-04-03,13:13:07,-07:00,2026-04-03T13:13:07-07:00,2,1
index.html,14,html,dc467642,Jack Ding,2026-04-03,13:13:07,-07:00,2026-04-03T13:13:07-07:00,4,69
index.html,15,html,dc467642,Jack Ding,2026-04-03,13:13:07,-07:00,2026-04-03T13:13:07-07:00,4,67
index.html,16,html,dc467642,Jack Ding,2026-04-03,13:13:07,-07:00,2026-04-03T13:13:07-07:00,4,33
index.html,17,html,dc467642,Jack Ding,2026-04-03,13:13:07,-07:00,2026-04-03T13:13:07-07:00,2,2
index.html,18,html,dc467642,Jack Ding,2026-04-03,13:13:07,-07:00,2026-04-03T13:13:07-07:00,2,0
index.html,19,html,dc467642,Jack Ding,2026-04-03,13:13:07,-07:00,2026-04-03T13:13:07-07:00,2,2
index.html,20,html,dc467642,Jack Ding,2026-04-03,13:13:07,-07:00,2026-04-03T13:13:07-07:00,4,23
index.html,21,html,dc467642,Jack Ding,2026-04-03,13:13:07,-07:00,2026-04-03T13:13:07-07:00,4,105
index.html,22,html,cae2e00b,Jack Ding,2026-04-03,13:18:37,-07:00,2026-04-03T13:18:37-07:00,4,9
index.html,23,html,dc467642,Jack Ding,2026-04-03,13:13:07,-07:00,2026-04-03T13:13:07-07:00,2,0
index.html,24,html,be25cb17,Jack Ding,2026-04-24,19:42:57,-07:00,2026-04-24T19:42:57-07:00,2,0
index.html,25,html,75e82099,Jack Ding,2026-04-24,20:08:31,-07:00,2026-04-24T20:08:31-07:00,2,19
index.html,26,html,75e82099,Jack Ding,2026-04-24,20:08:31,-07:00,2026-04-24T20:08:31-07:00,0,0
index.html,27,html,75e82099,Jack Ding,2026-04-24,20:08:31,-07:00,2026-04-24T20:08:31-07:00,2,28
index.html,28,html,75e82099,Jack Ding,2026-04-24,20:08:31,-07:00,2026-04-24T20:08:31-07:00,0,0
index.html,29,html,be25cb17,Jack Ding,2026-04-24,19:42:57,-07:00,2026-04-24T19:42:57-07:00,2,22
index.html,30,html,be25cb17,Jack Ding,2026-04-24,19:42:57,-07:00,2026-04-24T19:42:57-07:00,0,0
index.html,31,html,be25cb17,Jack Ding,2026-04-24,19:42:57,-07:00,2026-04-24T19:42:57-07:00,2,26
index.html,32,html,6cfc06fd,Jack Ding,2026-04-03,12:46:57,-07:00,2026-04-03T12:46:57-07:00,0,0
index.html,33,html,530e9b45,Jack Ding,2026-04-17,11:21:42,-07:00,2026-04-17T11:21:42-07:00,2,45
index.html,34,html,be25cb17,Jack Ding,2026-04-24,19:42:57,-07:00,2026-04-24T19:42:57-07:00,2,50
index.html,35,html,530e9b45,Jack Ding,2026-04-17,11:21:42,-07:00,2026-04-17T11:21:42-07:00,0,0
index.html,36,html,6cfc06fd,Jack Ding,2026-04-03,12:46:57,-07:00,2026-04-03T12:46:57-07:00,0,5
index.html,37,html,6cfc06fd,Jack Ding,2026-04-03,12:46:57,-07:00,2026-04-03T12:46:57-07:00,0,5
global.js,1,js,530e9b45,Jack Ding,2026-04-17,11:21:42,-07:00,2026-04-17T11:21:42-07:00,0,25
global.js,2,js,530e9b45,Jack Ding,2026-04-17,11:21:42,-07:00,2026-04-17T11:21:42-07:00,0,0
global.js,3,js,530e9b45,Jack Ding,2026-04-17,11:21:42,-07:00,2026-04-17T11:21:42-07:00,0,41
global.js,4,js,530e9b45,Jack Ding,2026-04-17,11:21:42,-07:00,2026-04-17T11:21:42-07:00,1,52
global.js,5,js,a4b162e4,Jack Ding,2026-04-17,15:34:49,-07:00,2026-04-17T15:34:49-07:00,0,0
global.js,6,js,a4b162e4,Jack Ding,2026-04-17,15:34:49,-07:00,2026-04-17T15:34:49-07:00,0,0
global.js,7,js,a4b162e4,Jack Ding,2026-04-17,15:34:49,-07:00,2026-04-17T15:34:49-07:00,0,13
global.js,8,js,a4b162e4,Jack Ding,2026-04-17,15:34:49,-07:00,2026-04-17T15:34:49-07:00,1,25
global.js,9,js,a4b162e4,Jack Ding,2026-04-17,15:34:49,-07:00,2026-04-17T15:34:49-07:00,1,38
global.js,10,js,a4b162e4,Jack Ding,2026-04-17,15:34:49,-07:00,2026-04-17T15:34:49-07:00,1,36
global.js,11,js,a4b162e4,Jack Ding,2026-04-17,15:34:49,-07:00,2026-04-17T15:34:49-07:00,1,34
global.js,12,js,00000000,Not Committed Yet,2026-05-08,17:21:37,-07:00,2026-05-08T17:21:37-07:00,1,30
global.js,13,js,a4b162e4,Jack Ding,2026-04-17,15:34:49,-07:00,2026-04-17T15:34:49-07:00,1,59
global.js,14,js,a4b162e4,Jack Ding,2026-04-17,15:34:49,-07:00,2026-04-17T15:34:49-07:00,0,0
global.js,15,js,a4b162e4,Jack Ding,2026-04-17,15:34:49,-07:00,2026-04-17T15:34:49-07:00,0,0
global.js,16,js,a4b162e4,Jack Ding,2026-04-17,15:34:49,-07:00,2026-04-17T15:34:49-07:00,0,15
global.js,17,js,a4b162e4,Jack Ding,2026-04-17,15:34:49,-07:00,2026-04-17T15:34:49-07:00,1,68
global.js,18,js,a4b162e4,Jack Ding,2026-04-17,15:34:49,-07:00,2026-04-17T15:34:49-07:00,2,3
global.js,19,js,a4b162e4,Jack Ding,2026-04-17,15:34:49,-07:00,2026-04-17T15:34:49-07:00,2,14
global.js,20,js,a4b162e4,Jack Ding,2026-04-17,15:34:49,-07:00,2026-04-17T15:34:49-07:00,0,0
global.js,21,js,a4b162e4,Jack Ding,2026-04-17,15:34:49,-07:00,2026-04-17T15:34:49-07:00,0,38
global.js,22,js,a4b162e4,Jack Ding,2026-04-17,15:34:49,-07:00,2026-04-17T15:34:49-07:00,0,25
global.js,23,js,a4b162e4,Jack Ding,2026-04-17,15:34:49,-07:00,2026-04-17T15:34:49-07:00,0,0
global.js,24,js,a4b162e4,Jack Ding,2026-04-17,15:34:49,-07:00,2026-04-17T15:34:49-07:00,0,20
global.js,25,js,a4b162e4,Jack Ding,2026-04-17,15:34:49,-07:00,2026-04-17T15:34:49-07:00,1,14
global.js,26,js,a4b162e4,Jack Ding,2026-04-17,15:34:49,-07:00,2026-04-17T15:34:49-07:00,0,0
global.js,27,js,a4b162e4,Jack Ding,2026-04-17,15:34:49,-07:00,2026-04-17T15:34:49-07:00,1,28
global.js,28,js,a4b162e4,Jack Ding,2026-04-17,15:34:49,-07:00,2026-04-17T15:34:49-07:00,2,20
global.js,29,js,a4b162e4,Jack Ding,2026-04-17,15:34:49,-07:00,2026-04-17T15:34:49-07:00,1,0
global.js,30,js,a4b162e4,Jack Ding,2026-04-17,15:34:49,-07:00,2026-04-17T15:34:49-07:00,0,0
global.js,31,js,a4b162e4,Jack Ding,2026-04-17,15:34:49,-07:00,2026-04-17T15:34:49-07:00,1,34
global.js,32,js,a4b162e4,Jack Ding,2026-04-17,15:34:49,-07:00,2026-04-17T15:34:49-07:00,1,11
global.js,33,js,a4b162e4,Jack Ding,2026-04-17,15:34:49,-07:00,2026-04-17T15:34:49-07:00,1,22
global.js,34,js,a4b162e4,Jack Ding,2026-04-17,15:34:49,-07:00,2026-04-17T15:34:49-07:00,0,0
global.js,35,js,a4b162e4,Jack Ding,2026-04-17,15:34:49,-07:00,2026-04-17T15:34:49-07:00,1,65
global.js,36,js,a4b162e4,Jack Ding,2026-04-17,15:34:49,-07:00,2026-04-17T15:34:49-07:00,2,25
global.js,37,js,a4b162e4,Jack Ding,2026-04-17,15:34:49,-07:00,2026-04-17T15:34:49-07:00,1,0
global.js,38,js,a4b162e4,Jack Ding,2026-04-17,15:34:49,-07:00,2026-04-17T15:34:49-07:00,0,0
global.js,39,js,a4b162e4,Jack Ding,2026-04-17,15:34:49,-07:00,2026-04-17T15:34:49-07:00,1,29
global.js,40,js,a4b162e4,Jack Ding,2026-04-17,15:34:49,-07:00,2026-04-17T15:34:49-07:00,2,18
global.js,41,js,a4b162e4,Jack Ding,2026-04-17,15:34:49,-07:00,2026-04-17T15:34:49-07:00,1,0
global.js,42,js,a4b162e4,Jack Ding,2026-04-17,15:34:49,-07:00,2026-04-17T15:34:49-07:00,0,0
global.js,43,js,a4b162e4,Jack Ding,2026-04-17,15:34:49,-07:00,2026-04-17T15:34:49-07:00,1,12
global.js,44,js,e80d2600,Jack Ding,2026-04-17,16:04:00,-07:00,2026-04-17T16:04:00-07:00,0,0
global.js,45,js,e80d2600,Jack Ding,2026-04-17,16:04:00,-07:00,2026-04-17T16:04:00-07:00,0,0
global.js,46,js,e80d2600,Jack Ding,2026-04-17,16:04:00,-07:00,2026-04-17T16:04:00-07:00,0,31
global.js,47,js,e80d2600,Jack Ding,2026-04-17,16:04:00,-07:00,2026-04-17T16:04:00-07:00,1,11
global.js,48,js,e80d2600,Jack Ding,2026-04-17,16:04:00,-07:00,2026-04-17T16:04:00-07:00,1,0
global.js,49,js,e80d2600,Jack Ding,2026-04-17,16:04:00,-07:00,2026-04-17T16:04:00-07:00,2,26
global.js,50,js,e80d2600,Jack Ding,2026-04-17,16:04:00,-07:00,2026-04-17T16:04:00-07:00,3,4
global.js,51,js,e80d2600,Jack Ding,2026-04-17,16:04:00,-07:00,2026-04-17T16:04:00-07:00,3,6
global.js,52,js,e80d2600,Jack Ding,2026-04-17,16:04:00,-07:00,2026-04-17T16:04:00-07:00,4,43
global.js,53,js,e80d2600,Jack Ding,2026-04-17,16:04:00,-07:00,2026-04-17T16:04:00-07:00,4,34
global.js,54,js,e80d2600,Jack Ding,2026-04-17,16:04:00,-07:00,2026-04-17T16:04:00-07:00,4,32
global.js,55,js,e80d2600,Jack Ding,2026-04-17,16:04:00,-07:00,2026-04-17T16:04:00-07:00,3,7
global.js,56,js,e80d2600,Jack Ding,2026-04-17,16:04:00,-07:00,2026-04-17T16:04:00-07:00,2,6
global.js,57,js,e80d2600,Jack Ding,2026-04-17,16:04:00,-07:00,2026-04-17T16:04:00-07:00,1,0
global.js,58,js,e80d2600,Jack Ding,2026-04-17,16:04:00,-07:00,2026-04-17T16:04:00-07:00,0,0
global.js,59,js,e80d2600,Jack Ding,2026-04-17,16:04:00,-07:00,2026-04-17T16:04:00-07:00,0,0
global.js,60,js,e80d2600,Jack Ding,2026-04-17,16:04:00,-07:00,2026-04-17T16:04:00-07:00,0,58
global.js,61,js,e80d2600,Jack Ding,2026-04-17,16:04:00,-07:00,2026-04-17T16:04:00-07:00,0,0
global.js,62,js,e80d2600,Jack Ding,2026-04-17,16:04:00,-07:00,2026-04-17T16:04:00-07:00,0,34
global.js,63,js,e80d2600,Jack Ding,2026-04-17,16:04:00,-07:00,2026-04-17T16:04:00-07:00,1,83
global.js,64,js,e80d2600,Jack Ding,2026-04-17,16:04:00,-07:00,2026-04-17T16:04:00-07:00,1,38
global.js,65,js,e80d2600,Jack Ding,2026-04-17,16:04:00,-07:00,2026-04-17T16:04:00-07:00,0,0
global.js,66,js,e80d2600,Jack Ding,2026-04-17,16:04:00,-07:00,2026-04-17T16:04:00-07:00,0,0
global.js,67,js,e80d2600,Jack Ding,2026-04-17,16:04:00,-07:00,2026-04-17T16:04:00-07:00,0,49
global.js,68,js,e80d2600,Jack Ding,2026-04-17,16:04:00,-07:00,2026-04-17T16:04:00-07:00,1,77
global.js,69,js,e80d2600,Jack Ding,2026-04-17,16:04:00,-07:00,2026-04-17T16:04:00-07:00,1,44
global.js,70,js,e80d2600,Jack Ding,2026-04-17,16:04:00,-07:00,2026-04-17T16:04:00-07:00,0,1
global.js,71,js,e80d2600,Jack Ding,2026-04-17,16:04:00,-07:00,2026-04-17T16:04:00-07:00,0,0
global.js,72,js,e80d2600,Jack Ding,2026-04-17,16:04:00,-07:00,2026-04-17T16:04:00-07:00,0,40
global.js,73,js,e80d2600,Jack Ding,2026-04-17,16:04:00,-07:00,2026-04-17T16:04:00-07:00,0,0
global.js,74,js,e80d2600,Jack Ding,2026-04-17,16:04:00,-07:00,2026-04-17T16:04:00-07:00,0,49
global.js,75,js,e80d2600,Jack Ding,2026-04-17,16:04:00,-07:00,2026-04-17T16:04:00-07:00,1,21
global.js,76,js,e80d2600,Jack Ding,2026-04-17,16:04:00,-07:00,2026-04-17T16:04:00-07:00,0,0
global.js,77,js,e80d2600,Jack Ding,2026-04-17,16:04:00,-07:00,2026-04-17T16:04:00-07:00,1,28
global.js,78,js,e80d2600,Jack Ding,2026-04-17,16:04:00,-07:00,2026-04-17T16:04:00-07:00,1,14
global.js,79,js,e80d2600,Jack Ding,2026-04-17,16:04:00,-07:00,2026-04-17T16:04:00-07:00,0,0
global.js,80,js,e80d2600,Jack Ding,2026-04-17,16:04:00,-07:00,2026-04-17T16:04:00-07:00,1,31
global.js,81,js,e80d2600,Jack Ding,2026-04-17,16:04:00,-07:00,2026-04-17T16:04:00-07:00,2,50
global.js,82,js,e80d2600,Jack Ding,2026-04-17,16:04:00,-07:00,2026-04-17T16:04:00-07:00,1,0
global.js,83,js,e80d2600,Jack Ding,2026-04-17,16:04:00,-07:00,2026-04-17T16:04:00-07:00,0,0
global.js,84,js,e80d2600,Jack Ding,2026-04-17,16:04:00,-07:00,2026-04-17T16:04:00-07:00,1,45
global.js,85,js,e80d2600,Jack Ding,2026-04-17,16:04:00,-07:00,2026-04-17T16:04:00-07:00,1,18
global.js,86,js,79be8379,Jack Ding,2026-04-24,15:48:02,-07:00,2026-04-24T15:48:02-07:00,0,1
global.js,87,js,79be8379,Jack Ding,2026-04-24,15:48:02,-07:00,2026-04-24T15:48:02-07:00,0,0
global.js,88,js,79be8379,Jack Ding,2026-04-24,15:48:02,-07:00,2026-04-24T15:48:02-07:00,0,36
global.js,89,js,79be8379,Jack Ding,2026-04-24,15:48:02,-07:00,2026-04-24T15:48:02-07:00,1,3
global.js,90,js,79be8379,Jack Ding,2026-04-24,15:48:02,-07:00,2026-04-24T15:48:02-07:00,2,39
global.js,91,js,79be8379,Jack Ding,2026-04-24,15:48:02,-07:00,2026-04-24T15:48:02-07:00,2,32
global.js,92,js,79be8379,Jack Ding,2026-04-24,15:48:02,-07:00,2026-04-24T15:48:02-07:00,0,0
global.js,93,js,79be8379,Jack Ding,2026-04-24,15:48:02,-07:00,2026-04-24T15:48:02-07:00,2,17
global.js,94,js,79be8379,Jack Ding,2026-04-24,15:48:02,-07:00,2026-04-24T15:48:02-07:00,3,66
global.js,95,js,79be8379,Jack Ding,2026-04-24,15:48:02,-07:00,2026-04-24T15:48:02-07:00,2,0
global.js,96,js,79be8379,Jack Ding,2026-04-24,15:48:02,-07:00,2026-04-24T15:48:02-07:00,0,0
global.js,97,js,79be8379,Jack Ding,2026-04-24,15:48:02,-07:00,2026-04-24T15:48:02-07:00,2,33
global.js,98,js,79be8379,Jack Ding,2026-04-24,15:48:02,-07:00,2026-04-24T15:48:02-07:00,2,10
global.js,99,js,79be8379,Jack Ding,2026-04-24,15:48:02,-07:00,2026-04-24T15:48:02-07:00,1,15
global.js,100,js,79be8379,Jack Ding,2026-04-24,15:48:02,-07:00,2026-04-24T15:48:02-07:00,2,59
global.js,101,js,79be8379,Jack Ding,2026-04-24,15:48:02,-07:00,2026-04-24T15:48:02-07:00,1,0
global.js,102,js,79be8379,Jack Ding,2026-04-24,15:48:02,-07:00,2026-04-24T15:48:02-07:00,0,0
global.js,103,js,79be8379,Jack Ding,2026-04-24,15:48:02,-07:00,2026-04-24T15:48:02-07:00,0,0
global.js,104,js,79be8379,Jack Ding,2026-04-24,15:48:02,-07:00,2026-04-24T15:48:02-07:00,0,79
global.js,105,js,79be8379,Jack Ding,2026-04-24,15:48:02,-07:00,2026-04-24T15:48:02-07:00,1,22
global.js,106,js,79be8379,Jack Ding,2026-04-24,15:48:02,-07:00,2026-04-24T15:48:02-07:00,2,5
global.js,107,js,79be8379,Jack Ding,2026-04-24,15:48:02,-07:00,2026-04-24T15:48:02-07:00,1,0
global.js,108,js,79be8379,Jack Ding,2026-04-24,15:48:02,-07:00,2026-04-24T15:48:02-07:00,0,0
global.js,109,js,79be8379,Jack Ding,2026-04-24,15:48:02,-07:00,2026-04-24T15:48:02-07:00,1,30
global.js,110,js,79be8379,Jack Ding,2026-04-24,15:48:02,-07:00,2026-04-24T15:48:02-07:00,0,0
global.js,111,js,79be8379,Jack Ding,2026-04-24,15:48:02,-07:00,2026-04-24T15:48:02-07:00,1,29
global.js,112,js,79be8379,Jack Ding,2026-04-24,15:48:02,-07:00,2026-04-24T15:48:02-07:00,2,48
global.js,113,js,79be8379,Jack Ding,2026-04-24,15:48:02,-07:00,2026-04-24T15:48:02-07:00,0,0
global.js,114,js,79be8379,Jack Ding,2026-04-24,15:48:02,-07:00,2026-04-24T15:48:02-07:00,2,19
global.js,115,js,79be8379,Jack Ding,2026-04-24,15:48:02,-07:00,2026-04-24T15:48:02-07:00,3,49
global.js,116,js,79be8379,Jack Ding,2026-04-24,15:48:02,-07:00,2026-04-24T15:48:02-07:00,3,49
global.js,117,js,59df40af,Jack Ding,2026-04-30,23:32:36,-07:00,2026-04-30T23:32:36-07:00,3,3
global.js,118,js,59df40af,Jack Ding,2026-04-30,23:32:36,-07:00,2026-04-30T23:32:36-07:00,4,27
global.js,119,js,59df40af,Jack Ding,2026-04-30,23:32:36,-07:00,2026-04-30T23:32:36-07:00,4,41
global.js,120,js,59df40af,Jack Ding,2026-04-30,23:32:36,-07:00,2026-04-30T23:32:36-07:00,3,4
global.js,121,js,79be8379,Jack Ding,2026-04-24,15:48:02,-07:00,2026-04-24T15:48:02-07:00,2,0
global.js,122,js,79be8379,Jack Ding,2026-04-24,15:48:02,-07:00,2026-04-24T15:48:02-07:00,0,0
global.js,123,js,79be8379,Jack Ding,2026-04-24,15:48:02,-07:00,2026-04-24T15:48:02-07:00,2,36
global.js,124,js,79be8379,Jack Ding,2026-04-24,15:48:02,-07:00,2026-04-24T15:48:02-07:00,1,0
global.js,125,js,75e82099,Jack Ding,2026-04-24,20:08:31,-07:00,2026-04-24T20:08:31-07:00,0,0
global.js,126,js,75e82099,Jack Ding,2026-04-24,20:08:31,-07:00,2026-04-24T20:08:31-07:00,0,0
global.js,127,js,75e82099,Jack Ding,2026-04-24,20:08:31,-07:00,2026-04-24T20:08:31-07:00,0,47
global.js,128,js,75e82099,Jack Ding,2026-04-24,20:08:31,-07:00,2026-04-24T20:08:31-07:00,1,59
global.js,129,js,79be8379,Jack Ding,2026-04-24,15:48:02,-07:00,2026-04-24T15:48:02-07:00,0,0
resume/index.html,1,html,c50f5870,Jack Ding,2026-04-03,13:40:45,-07:00,2026-04-03T13:40:45-07:00,0,13
resume/index.html,2,html,c50f5870,Jack Ding,2026-04-03,13:40:45,-07:00,2026-04-03T13:40:45-07:00,0,14
resume/index.html,3,html,c50f5870,Jack Ding,2026-04-03,13:40:45,-07:00,2026-04-03T13:40:45-07:00,0,4
resume/index.html,4,html,c50f5870,Jack Ding,2026-04-03,13:40:45,-07:00,2026-04-03T13:40:45-07:00,1,22
resume/index.html,5,html,c50f5870,Jack Ding,2026-04-03,13:40:45,-07:00,2026-04-03T13:40:45-07:00,1,70
resume/index.html,6,html,c50f5870,Jack Ding,2026-04-03,13:40:45,-07:00,2026-04-03T13:40:45-07:00,1,19
resume/index.html,7,html,c50f5870,Jack Ding,2026-04-03,13:40:45,-07:00,2026-04-03T13:40:45-07:00,1,43
resume/index.html,8,html,c50f5870,Jack Ding,2026-04-03,13:40:45,-07:00,2026-04-03T13:40:45-07:00,0,5
resume/index.html,9,html,ea3c67c1,Jack Ding,2026-04-10,20:28:03,-07:00,2026-04-10T20:28:03-07:00,0,24
resume/index.html,10,html,c50f5870,Jack Ding,2026-04-03,13:40:45,-07:00,2026-04-03T13:40:45-07:00,0,0
resume/index.html,11,html,c50f5870,Jack Ding,2026-04-03,13:40:45,-07:00,2026-04-03T13:40:45-07:00,1,13
resume/index.html,12,html,c50f5870,Jack Ding,2026-04-03,13:40:45,-07:00,2026-04-03T13:40:45-07:00,0,0
resume/index.html,13,html,c50f5870,Jack Ding,2026-04-03,13:40:45,-07:00,2026-04-03T13:40:45-07:00,1,1
resume/index.html,14,html,c50f5870,Jack Ding,2026-04-03,13:40:45,-07:00,2026-04-03T13:40:45-07:00,2,36
resume/index.html,15,html,c50f5870,Jack Ding,2026-04-03,13:40:45,-07:00,2026-04-03T13:40:45-07:00,2,74
resume/index.html,16,html,c50f5870,Jack Ding,2026-04-03,13:40:45,-07:00,2026-04-03T13:40:45-07:00,1,2
resume/index.html,17,html,c50f5870,Jack Ding,2026-04-03,13:40:45,-07:00,2026-04-03T13:40:45-07:00,0,0
resume/index.html,18,html,c50f5870,Jack Ding,2026-04-03,13:40:45,-07:00,2026-04-03T13:40:45-07:00,1,5
resume/index.html,19,html,c50f5870,Jack Ding,2026-04-03,13:40:45,-07:00,2026-04-03T13:40:45-07:00,2,23
resume/index.html,20,html,c50f5870,Jack Ding,2026-04-03,13:40:45,-07:00,2026-04-03T13:40:45-07:00,2,26
resume/index.html,21,html,c50f5870,Jack Ding,2026-04-03,13:40:45,-07:00,2026-04-03T13:40:45-07:00,2,10
resume/index.html,22,html,c50f5870,Jack Ding,2026-04-03,13:40:45,-07:00,2026-04-03T13:40:45-07:00,2,10
resume/index.html,23,html,c50f5870,Jack Ding,2026-04-03,13:40:45,-07:00,2026-04-03T13:40:45-07:00,1,8
resume/index.html,24,html,c50f5870,Jack Ding,2026-04-03,13:40:45,-07:00,2026-04-03T13:40:45-07:00,0,0
resume/index.html,25,html,c50f5870,Jack Ding,2026-04-03,13:40:45,-07:00,2026-04-03T13:40:45-07:00,1,7
resume/index.html,26,html,c50f5870,Jack Ding,2026-04-03,13:40:45,-07:00,2026-04-03T13:40:45-07:00,2,16
resume/index.html,27,html,c50f5870,Jack Ding,2026-04-03,13:40:45,-07:00,2026-04-03T13:40:45-07:00,0,0
resume/index.html,28,html,c50f5870,Jack Ding,2026-04-03,13:40:45,-07:00,2026-04-03T13:40:45-07:00,2,7
resume/index.html,29,html,c50f5870,Jack Ding,2026-04-03,13:40:45,-07:00,2026-04-03T13:40:45-07:00,3,6
resume/index.html,30,html,c50f5870,Jack Ding,2026-04-03,13:40:45,-07:00,2026-04-03T13:40:45-07:00,4,42
resume/index.html,31,html,c50f5870,Jack Ding,2026-04-03,13:40:45,-07:00,2026-04-03T13:40:45-07:00,4,40
resume/index.html,32,html,c50f5870,Jack Ding,2026-04-03,13:40:45,-07:00,2026-04-03T13:40:45-07:00,4,55
resume/index.html,33,html,c50f5870,Jack Ding,2026-04-03,13:40:45,-07:00,2026-04-03T13:40:45-07:00,3,7
resume/index.html,34,html,c50f5870,Jack Ding,2026-04-03,13:40:45,-07:00,2026-04-03T13:40:45-07:00,0,0
resume/index.html,35,html,c50f5870,Jack Ding,2026-04-03,13:40:45,-07:00,2026-04-03T13:40:45-07:00,3,26
resume/index.html,36,html,c50f5870,Jack Ding,2026-04-03,13:40:45,-07:00,2026-04-03T13:40:45-07:00,0,0
resume/index.html,37,html,c50f5870,Jack Ding,2026-04-03,13:40:45,-07:00,2026-04-03T13:40:45-07:00,3,25
resume/index.html,38,html,c50f5870,Jack Ding,2026-04-03,13:40:45,-07:00,2026-04-03T13:40:45-07:00,3,2
resume/index.html,39,html,c50f5870,Jack Ding,2026-04-03,13:40:45,-07:00,2026-04-03T13:40:45-07:00,4,31
resume/index.html,40,html,c50f5870,Jack Ding,2026-04-03,13:40:45,-07:00,2026-04-03T13:40:45-07:00,4,34
resume/index.html,41,html,c50f5870,Jack Ding,2026-04-03,13:40:45,-07:00,2026-04-03T13:40:45-07:00,4,46
resume/index.html,42,html,c50f5870,Jack Ding,2026-04-03,13:40:45,-07:00,2026-04-03T13:40:45-07:00,4,52
resume/index.html,43,html,c50f5870,Jack Ding,2026-04-03,13:40:45,-07:00,2026-04-03T13:40:45-07:00,4,44
resume/index.html,44,html,c50f5870,Jack Ding,2026-04-03,13:40:45,-07:00,2026-04-03T13:40:45-07:00,4,45
resume/index.html,45,html,c50f5870,Jack Ding,2026-04-03,13:40:45,-07:00,2026-04-03T13:40:45-07:00,3,3
resume/index.html,46,html,c50f5870,Jack Ding,2026-04-03,13:40:45,-07:00,2026-04-03T13:40:45-07:00,2,8
resume/index.html,47,html,c50f5870,Jack Ding,2026-04-03,13:40:45,-07:00,2026-04-03T13:40:45-07:00,1,8
resume/index.html,48,html,c50f5870,Jack Ding,2026-04-03,13:40:45,-07:00,2026-04-03T13:40:45-07:00,0,0
resume/index.html,49,html,c50f5870,Jack Ding,2026-04-03,13:40:45,-07:00,2026-04-03T13:40:45-07:00,1,7
resume/index.html,50,html,c50f5870,Jack Ding,2026-04-03,13:40:45,-07:00,2026-04-03T13:40:45-07:00,2,15
resume/index.html,51,html,c50f5870,Jack Ding,2026-04-03,13:40:45,-07:00,2026-04-03T13:40:45-07:00,0,0
resume/index.html,52,html,c50f5870,Jack Ding,2026-04-03,13:40:45,-07:00,2026-04-03T13:40:45-07:00,2,7
resume/index.html,53,html,c50f5870,Jack Ding,2026-04-03,13:40:45,-07:00,2026-04-03T13:40:45-07:00,3,6
resume/index.html,54,html,c50f5870,Jack Ding,2026-04-03,13:40:45,-07:00,2026-04-03T13:40:45-07:00,4,29
resume/index.html,55,html,c50f5870,Jack Ding,2026-04-03,13:40:45,-07:00,2026-04-03T13:40:45-07:00,4,43
resume/index.html,56,html,c50f5870,Jack Ding,2026-04-03,13:40:45,-07:00,2026-04-03T13:40:45-07:00,4,1
resume/index.html,57,html,c50f5870,Jack Ding,2026-04-03,13:40:45,-07:00,2026-04-03T13:40:45-07:00,5,80
resume/index.html,58,html,c50f5870,Jack Ding,2026-04-03,13:40:45,-07:00,2026-04-03T13:40:45-07:00,6,10
resume/index.html,59,html,c50f5870,Jack Ding,2026-04-03,13:40:45,-07:00,2026-04-03T13:40:45-07:00,5,2
resume/index.html,60,html,c50f5870,Jack Ding,2026-04-03,13:40:45,-07:00,2026-04-03T13:40:45-07:00,4,2
resume/index.html,61,html,c50f5870,Jack Ding,2026-04-03,13:40:45,-07:00,2026-04-03T13:40:45-07:00,3,7
resume/index.html,62,html,c50f5870,Jack Ding,2026-04-03,13:40:45,-07:00,2026-04-03T13:40:45-07:00,0,0
resume/index.html,63,html,c50f5870,Jack Ding,2026-04-03,13:40:45,-07:00,2026-04-03T13:40:45-07:00,3,2
resume/index.html,64,html,c50f5870,Jack Ding,2026-04-03,13:40:45,-07:00,2026-04-03T13:40:45-07:00,4,111
resume/index.html,65,html,c50f5870,Jack Ding,2026-04-03,13:40:45,-07:00,2026-04-03T13:40:45-07:00,4,61
resume/index.html,66,html,c50f5870,Jack Ding,2026-04-03,13:40:45,-07:00,2026-04-03T13:40:45-07:00,4,107
resume/index.html,67,html,c50f5870,Jack Ding,2026-04-03,13:40:45,-07:00,2026-04-03T13:40:45-07:00,3,3
resume/index.html,68,html,c50f5870,Jack Ding,2026-04-03,13:40:45,-07:00,2026-04-03T13:40:45-07:00,2,8
resume/index.html,69,html,c50f5870,Jack Ding,2026-04-03,13:40:45,-07:00,2026-04-03T13:40:45-07:00,0,0
resume/index.html,70,html,c50f5870,Jack Ding,2026-04-03,13:40:45,-07:00,2026-04-03T13:40:45-07:00,2,7
resume/index.html,71,html,c50f5870,Jack Ding,2026-04-03,13:40:45,-07:00,2026-04-03T13:40:45-07:00,3,6
resume/index.html,72,html,c50f5870,Jack Ding,2026-04-03,13:40:45,-07:00,2026-04-03T13:40:45-07:00,4,32
resume/index.html,73,html,c50f5870,Jack Ding,2026-04-03,13:40:45,-07:00,2026-04-03T13:40:45-07:00,4,45
resume/index.html,74,html,c50f5870,Jack Ding,2026-04-03,13:40:45,-07:00,2026-04-03T13:40:45-07:00,3,7
resume/index.html,75,html,c50f5870,Jack Ding,2026-04-03,13:40:45,-07:00,2026-04-03T13:40:45-07:00,0,0
resume/index.html,76,html,c50f5870,Jack Ding,2026-04-03,13:40:45,-07:00,2026-04-03T13:40:45-07:00,3,2
resume/index.html,77,html,c50f5870,Jack Ding,2026-04-03,13:40:45,-07:00,2026-04-03T13:40:45-07:00,4,103
resume/index.html,78,html,c50f5870,Jack Ding,2026-04-03,13:40:45,-07:00,2026-04-03T13:40:45-07:00,4,85
resume/index.html,79,html,c50f5870,Jack Ding,2026-04-03,13:40:45,-07:00,2026-04-03T13:40:45-07:00,4,94
resume/index.html,80,html,c50f5870,Jack Ding,2026-04-03,13:40:45,-07:00,2026-04-03T13:40:45-07:00,3,3
resume/index.html,81,html,c50f5870,Jack Ding,2026-04-03,13:40:45,-07:00,2026-04-03T13:40:45-07:00,2,8
resume/index.html,82,html,c50f5870,Jack Ding,2026-04-03,13:40:45,-07:00,2026-04-03T13:40:45-07:00,0,0
resume/index.html,83,html,c50f5870,Jack Ding,2026-04-03,13:40:45,-07:00,2026-04-03T13:40:45-07:00,2,7
resume/index.html,84,html,c50f5870,Jack Ding,2026-04-03,13:40:45,-07:00,2026-04-03T13:40:45-07:00,3,6
resume/index.html,85,html,c50f5870,Jack Ding,2026-04-03,13:40:45,-07:00,2026-04-03T13:40:45-07:00,4,24
resume/index.html,86,html,c50f5870,Jack Ding,2026-04-03,13:40:45,-07:00,2026-04-03T13:40:45-07:00,4,12
resume/index.html,87,html,c50f5870,Jack Ding,2026-04-03,13:40:45,-07:00,2026-04-03T13:40:45-07:00,4,1
resume/index.html,88,html,c50f5870,Jack Ding,2026-04-03,13:40:45,-07:00,2026-04-03T13:40:45-07:00,5,40
resume/index.html,89,html,c50f5870,Jack Ding,2026-04-03,13:40:45,-07:00,2026-04-03T13:40:45-07:00,5,38
resume/index.html,90,html,c50f5870,Jack Ding,2026-04-03,13:40:45,-07:00,2026-04-03T13:40:45-07:00,4,2
resume/index.html,91,html,c50f5870,Jack Ding,2026-04-03,13:40:45,-07:00,2026-04-03T13:40:45-07:00,3,7
resume/index.html,92,html,c50f5870,Jack Ding,2026-04-03,13:40:45,-07:00,2026-04-03T13:40:45-07:00,0,0
resume/index.html,93,html,c50f5870,Jack Ding,2026-04-03,13:40:45,-07:00,2026-04-03T13:40:45-07:00,3,2
resume/index.html,94,html,c50f5870,Jack Ding,2026-04-03,13:40:45,-07:00,2026-04-03T13:40:45-07:00,4,125
resume/index.html,95,html,c50f5870,Jack Ding,2026-04-03,13:40:45,-07:00,2026-04-03T13:40:45-07:00,4,94
resume/index.html,96,html,c50f5870,Jack Ding,2026-04-03,13:40:45,-07:00,2026-04-03T13:40:45-07:00,4,148
resume/index.html,97,html,c50f5870,Jack Ding,2026-04-03,13:40:45,-07:00,2026-04-03T13:40:45-07:00,3,3
resume/index.html,98,html,c50f5870,Jack Ding,2026-04-03,13:40:45,-07:00,2026-04-03T13:40:45-07:00,2,8
resume/index.html,99,html,c50f5870,Jack Ding,2026-04-03,13:40:45,-07:00,2026-04-03T13:40:45-07:00,1,8
resume/index.html,100,html,c50f5870,Jack Ding,2026-04-03,13:40:45,-07:00,2026-04-03T13:40:45-07:00,0,0
resume/index.html,101,html,c50f5870,Jack Ding,2026-04-03,13:40:45,-07:00,2026-04-03T13:40:45-07:00,1,7
resume/index.html,102,html,c50f5870,Jack Ding,2026-04-03,13:40:45,-07:00,2026-04-03T13:40:45-07:00,2,17
resume/index.html,103,html,c50f5870,Jack Ding,2026-04-03,13:40:45,-07:00,2026-04-03T13:40:45-07:00,0,0
resume/index.html,104,html,c50f5870,Jack Ding,2026-04-03,13:40:45,-07:00,2026-04-03T13:40:45-07:00,2,7
resume/index.html,105,html,c50f5870,Jack Ding,2026-04-03,13:40:45,-07:00,2026-04-03T13:40:45-07:00,3,6
resume/index.html,106,html,c50f5870,Jack Ding,2026-04-03,13:40:45,-07:00,2026-04-03T13:40:45-07:00,4,29
resume/index.html,107,html,c50f5870,Jack Ding,2026-04-03,13:40:45,-07:00,2026-04-03T13:40:45-07:00,4,39
resume/index.html,108,html,c50f5870,Jack Ding,2026-04-03,13:40:45,-07:00,2026-04-03T13:40:45-07:00,4,45
resume/index.html,109,html,c50f5870,Jack Ding,2026-04-03,13:40:45,-07:00,2026-04-03T13:40:45-07:00,3,7
resume/index.html,110,html,c50f5870,Jack Ding,2026-04-03,13:40:45,-07:00,2026-04-03T13:40:45-07:00,0,0
resume/index.html,111,html,c50f5870,Jack Ding,2026-04-03,13:40:45,-07:00,2026-04-03T13:40:45-07:00,3,2
resume/index.html,112,html,c50f5870,Jack Ding,2026-04-03,13:40:45,-07:00,2026-04-03T13:40:45-07:00,4,71
resume/index.html,113,html,c50f5870,Jack Ding,2026-04-03,13:40:45,-07:00,2026-04-03T13:40:45-07:00,4,100
resume/index.html,114,html,c50f5870,Jack Ding,2026-04-03,13:40:45,-07:00,2026-04-03T13:40:45-07:00,4,103
resume/index.html,115,html,c50f5870,Jack Ding,2026-04-03,13:40:45,-07:00,2026-04-03T13:40:45-07:00,3,3
resume/index.html,116,html,c50f5870,Jack Ding,2026-04-03,13:40:45,-07:00,2026-04-03T13:40:45-07:00,2,8
resume/index.html,117,html,c50f5870,Jack Ding,2026-04-03,13:40:45,-07:00,2026-04-03T13:40:45-07:00,1,8
resume/index.html,118,html,c50f5870,Jack Ding,2026-04-03,13:40:45,-07:00,2026-04-03T13:40:45-07:00,0,0
resume/index.html,119,html,c50f5870,Jack Ding,2026-04-03,13:40:45,-07:00,2026-04-03T13:40:45-07:00,1,7
resume/index.html,120,html,c50f5870,Jack Ding,2026-04-03,13:40:45,-07:00,2026-04-03T13:40:45-07:00,2,17
resume/index.html,121,html,c50f5870,Jack Ding,2026-04-03,13:40:45,-07:00,2026-04-03T13:40:45-07:00,2,2
resume/index.html,122,html,c50f5870,Jack Ding,2026-04-03,13:40:45,-07:00,2026-04-03T13:40:45-07:00,3,123
resume/index.html,123,html,c50f5870,Jack Ding,2026-04-03,13:40:45,-07:00,2026-04-03T13:40:45-07:00,3,78
resume/index.html,124,html,c50f5870,Jack Ding,2026-04-03,13:40:45,-07:00,2026-04-03T13:40:45-07:00,3,104
resume/index.html,125,html,c50f5870,Jack Ding,2026-04-03,13:40:45,-07:00,2026-04-03T13:40:45-07:00,2,3
resume/index.html,126,html,c50f5870,Jack Ding,2026-04-03,13:40:45,-07:00,2026-04-03T13:40:45-07:00,1,8
resume/index.html,127,html,530e9b45,Jack Ding,2026-04-17,11:21:42,-07:00,2026-04-17T11:21:42-07:00,0,0
resume/index.html,128,html,530e9b45,Jack Ding,2026-04-17,11:21:42,-07:00,2026-04-17T11:21:42-07:00,1,48
resume/index.html,129,html,a4b162e4,Jack Ding,2026-04-17,15:34:49,-07:00,2026-04-17T15:34:49-07:00,0,0
resume/index.html,130,html,c50f5870,Jack Ding,2026-04-03,13:40:45,-07:00,2026-04-03T13:40:45-07:00,0,5
resume/index.html,131,html,c50f5870,Jack Ding,2026-04-03,13:40:45,-07:00,2026-04-03T13:40:45-07:00,0,5
projects/projects.js,1,js,59df40af,Jack Ding,2026-04-30,23:32:36,-07:00,2026-04-30T23:32:36-07:00,0,63
projects/projects.js,2,js,600dfdb2,Jack Ding,2026-04-24,19:45:48,-07:00,2026-04-24T19:45:48-07:00,0,55
projects/projects.js,3,js,600dfdb2,Jack Ding,2026-04-24,19:45:48,-07:00,2026-04-24T19:45:48-07:00,0,0
projects/projects.js,4,js,600dfdb2,Jack Ding,2026-04-24,19:45:48,-07:00,2026-04-24T19:45:48-07:00,0,55
projects/projects.js,5,js,600dfdb2,Jack Ding,2026-04-24,19:45:48,-07:00,2026-04-24T19:45:48-07:00,0,0
projects/projects.js,6,js,600dfdb2,Jack Ding,2026-04-24,19:45:48,-07:00,2026-04-24T19:45:48-07:00,0,60
projects/projects.js,7,js,59df40af,Jack Ding,2026-04-30,23:32:36,-07:00,2026-04-30T23:32:36-07:00,0,54
projects/projects.js,8,js,59df40af,Jack Ding,2026-04-30,23:32:36,-07:00,2026-04-30T23:32:36-07:00,0,55
projects/projects.js,9,js,600dfdb2,Jack Ding,2026-04-24,19:45:48,-07:00,2026-04-24T19:45:48-07:00,0,0
projects/projects.js,10,js,59df40af,Jack Ding,2026-04-30,23:32:36,-07:00,2026-04-30T23:32:36-07:00,0,13
projects/projects.js,11,js,59df40af,Jack Ding,2026-04-30,23:32:36,-07:00,2026-04-30T23:32:36-07:00,0,21
projects/projects.js,12,js,59df40af,Jack Ding,2026-04-30,23:32:36,-07:00,2026-04-30T23:32:36-07:00,0,22
projects/projects.js,13,js,600dfdb2,Jack Ding,2026-04-24,19:45:48,-07:00,2026-04-24T19:45:48-07:00,0,0
projects/projects.js,14,js,59df40af,Jack Ding,2026-04-30,23:32:36,-07:00,2026-04-30T23:32:36-07:00,0,36
projects/projects.js,15,js,59df40af,Jack Ding,2026-04-30,23:32:36,-07:00,2026-04-30T23:32:36-07:00,1,35
projects/projects.js,16,js,59df40af,Jack Ding,2026-04-30,23:32:36,-07:00,2026-04-30T23:32:36-07:00,2,59
projects/projects.js,17,js,59df40af,Jack Ding,2026-04-30,23:32:36,-07:00,2026-04-30T23:32:36-07:00,2,42
projects/projects.js,18,js,59df40af,Jack Ding,2026-04-30,23:32:36,-07:00,2026-04-30T23:32:36-07:00,1,1
projects/projects.js,19,js,59df40af,Jack Ding,2026-04-30,23:32:36,-07:00,2026-04-30T23:32:36-07:00,0,0
projects/projects.js,20,js,59df40af,Jack Ding,2026-04-30,23:32:36,-07:00,2026-04-30T23:32:36-07:00,0,0
projects/projects.js,21,js,59df40af,Jack Ding,2026-04-30,23:32:36,-07:00,2026-04-30T23:32:36-07:00,0,29
projects/projects.js,22,js,59df40af,Jack Ding,2026-04-30,23:32:36,-07:00,2026-04-30T23:32:36-07:00,1,49
projects/projects.js,23,js,59df40af,Jack Ding,2026-04-30,23:32:36,-07:00,2026-04-30T23:32:36-07:00,0,0
projects/projects.js,24,js,59df40af,Jack Ding,2026-04-30,23:32:36,-07:00,2026-04-30T23:32:36-07:00,1,17
projects/projects.js,25,js,59df40af,Jack Ding,2026-04-30,23:32:36,-07:00,2026-04-30T23:32:36-07:00,2,73
projects/projects.js,26,js,59df40af,Jack Ding,2026-04-30,23:32:36,-07:00,2026-04-30T23:32:36-07:00,1,0
projects/projects.js,27,js,59df40af,Jack Ding,2026-04-30,23:32:36,-07:00,2026-04-30T23:32:36-07:00,0,0
projects/projects.js,28,js,59df40af,Jack Ding,2026-04-30,23:32:36,-07:00,2026-04-30T23:32:36-07:00,1,22
projects/projects.js,29,js,59df40af,Jack Ding,2026-04-30,23:32:36,-07:00,2026-04-30T23:32:36-07:00,0,0
projects/projects.js,30,js,59df40af,Jack Ding,2026-04-30,23:32:36,-07:00,2026-04-30T23:32:36-07:00,0,0
projects/projects.js,31,js,59df40af,Jack Ding,2026-04-30,23:32:36,-07:00,2026-04-30T23:32:36-07:00,0,38
projects/projects.js,32,js,59df40af,Jack Ding,2026-04-30,23:32:36,-07:00,2026-04-30T23:32:36-07:00,1,26
projects/projects.js,33,js,59df40af,Jack Ding,2026-04-30,23:32:36,-07:00,2026-04-30T23:32:36-07:00,2,12
projects/projects.js,34,js,59df40af,Jack Ding,2026-04-30,23:32:36,-07:00,2026-04-30T23:32:36-07:00,2,14
projects/projects.js,35,js,59df40af,Jack Ding,2026-04-30,23:32:36,-07:00,2026-04-30T23:32:36-07:00,2,12
projects/projects.js,36,js,59df40af,Jack Ding,2026-04-30,23:32:36,-07:00,2026-04-30T23:32:36-07:00,1,0
projects/projects.js,37,js,59df40af,Jack Ding,2026-04-30,23:32:36,-07:00,2026-04-30T23:32:36-07:00,0,0
projects/projects.js,38,js,59df40af,Jack Ding,2026-04-30,23:32:36,-07:00,2026-04-30T23:32:36-07:00,1,44
projects/projects.js,39,js,59df40af,Jack Ding,2026-04-30,23:32:36,-07:00,2026-04-30T23:32:36-07:00,2,35
projects/projects.js,40,js,59df40af,Jack Ding,2026-04-30,23:32:36,-07:00,2026-04-30T23:32:36-07:00,1,1
projects/projects.js,41,js,59df40af,Jack Ding,2026-04-30,23:32:36,-07:00,2026-04-30T23:32:36-07:00,0,0
projects/projects.js,42,js,59df40af,Jack Ding,2026-04-30,23:32:36,-07:00,2026-04-30T23:32:36-07:00,1,57
projects/projects.js,43,js,59df40af,Jack Ding,2026-04-30,23:32:36,-07:00,2026-04-30T23:32:36-07:00,0,0
projects/projects.js,44,js,59df40af,Jack Ding,2026-04-30,23:32:36,-07:00,2026-04-30T23:32:36-07:00,1,50
projects/projects.js,45,js,59df40af,Jack Ding,2026-04-30,23:32:36,-07:00,2026-04-30T23:32:36-07:00,0,0
projects/projects.js,46,js,59df40af,Jack Ding,2026-04-30,23:32:36,-07:00,2026-04-30T23:32:36-07:00,1,33
projects/projects.js,47,js,59df40af,Jack Ding,2026-04-30,23:32:36,-07:00,2026-04-30T23:32:36-07:00,0,0
projects/projects.js,48,js,59df40af,Jack Ding,2026-04-30,23:32:36,-07:00,2026-04-30T23:32:36-07:00,1,47
projects/projects.js,49,js,59df40af,Jack Ding,2026-04-30,23:32:36,-07:00,2026-04-30T23:32:36-07:00,0,0
projects/projects.js,50,js,59df40af,Jack Ding,2026-04-30,23:32:36,-07:00,2026-04-30T23:32:36-07:00,1,40
projects/projects.js,51,js,59df40af,Jack Ding,2026-04-30,23:32:36,-07:00,2026-04-30T23:32:36-07:00,1,29
projects/projects.js,52,js,59df40af,Jack Ding,2026-04-30,23:32:36,-07:00,2026-04-30T23:32:36-07:00,0,0
projects/projects.js,53,js,59df40af,Jack Ding,2026-04-30,23:32:36,-07:00,2026-04-30T23:32:36-07:00,1,32
projects/projects.js,54,js,59df40af,Jack Ding,2026-04-30,23:32:36,-07:00,2026-04-30T23:32:36-07:00,1,30
projects/projects.js,55,js,59df40af,Jack Ding,2026-04-30,23:32:36,-07:00,2026-04-30T23:32:36-07:00,0,0
projects/projects.js,56,js,59df40af,Jack Ding,2026-04-30,23:32:36,-07:00,2026-04-30T23:32:36-07:00,1,27
projects/projects.js,57,js,59df40af,Jack Ding,2026-04-30,23:32:36,-07:00,2026-04-30T23:32:36-07:00,2,1
projects/projects.js,58,js,59df40af,Jack Ding,2026-04-30,23:32:36,-07:00,2026-04-30T23:32:36-07:00,3,13
projects/projects.js,59,js,59df40af,Jack Ding,2026-04-30,23:32:36,-07:00,2026-04-30T23:32:36-07:00,3,25
projects/projects.js,60,js,59df40af,Jack Ding,2026-04-30,23:32:36,-07:00,2026-04-30T23:32:36-07:00,3,24
projects/projects.js,61,js,59df40af,Jack Ding,2026-04-30,23:32:36,-07:00,2026-04-30T23:32:36-07:00,3,61
projects/projects.js,62,js,59df40af,Jack Ding,2026-04-30,23:32:36,-07:00,2026-04-30T23:32:36-07:00,3,18
projects/projects.js,63,js,59df40af,Jack Ding,2026-04-30,23:32:36,-07:00,2026-04-30T23:32:36-07:00,4,34
projects/projects.js,64,js,59df40af,Jack Ding,2026-04-30,23:32:36,-07:00,2026-04-30T23:32:36-07:00,5,18
projects/projects.js,65,js,59df40af,Jack Ding,2026-04-30,23:32:36,-07:00,2026-04-30T23:32:36-07:00,5,17
projects/projects.js,66,js,59df40af,Jack Ding,2026-04-30,23:32:36,-07:00,2026-04-30T23:32:36-07:00,4,6
projects/projects.js,67,js,59df40af,Jack Ding,2026-04-30,23:32:36,-07:00,2026-04-30T23:32:36-07:00,5,26
projects/projects.js,68,js,59df40af,Jack Ding,2026-04-30,23:32:36,-07:00,2026-04-30T23:32:36-07:00,5,18
projects/projects.js,69,js,59df40af,Jack Ding,2026-04-30,23:32:36,-07:00,2026-04-30T23:32:36-07:00,4,0
projects/projects.js,70,js,59df40af,Jack Ding,2026-04-30,23:32:36,-07:00,2026-04-30T23:32:36-07:00,0,0
projects/projects.js,71,js,59df40af,Jack Ding,2026-04-30,23:32:36,-07:00,2026-04-30T23:32:36-07:00,4,11
projects/projects.js,72,js,59df40af,Jack Ding,2026-04-30,23:32:36,-07:00,2026-04-30T23:32:36-07:00,3,1
projects/projects.js,73,js,59df40af,Jack Ding,2026-04-30,23:32:36,-07:00,2026-04-30T23:32:36-07:00,1,1
projects/projects.js,74,js,59df40af,Jack Ding,2026-04-30,23:32:36,-07:00,2026-04-30T23:32:36-07:00,0,0
projects/projects.js,75,js,59df40af,Jack Ding,2026-04-30,23:32:36,-07:00,2026-04-30T23:32:36-07:00,1,24
projects/projects.js,76,js,59df40af,Jack Ding,2026-04-30,23:32:36,-07:00,2026-04-30T23:32:36-07:00,2,4
projects/projects.js,77,js,59df40af,Jack Ding,2026-04-30,23:32:36,-07:00,2026-04-30T23:32:36-07:00,3,11
projects/projects.js,78,js,59df40af,Jack Ding,2026-04-30,23:32:36,-07:00,2026-04-30T23:32:36-07:00,3,39
projects/projects.js,79,js,59df40af,Jack Ding,2026-04-30,23:32:36,-07:00,2026-04-30T23:32:36-07:00,3,79
projects/projects.js,80,js,59df40af,Jack Ding,2026-04-30,23:32:36,-07:00,2026-04-30T23:32:36-07:00,3,68
projects/projects.js,81,js,59df40af,Jack Ding,2026-04-30,23:32:36,-07:00,2026-04-30T23:32:36-07:00,3,18
projects/projects.js,82,js,59df40af,Jack Ding,2026-04-30,23:32:36,-07:00,2026-04-30T23:32:36-07:00,4,29
projects/projects.js,83,js,59df40af,Jack Ding,2026-04-30,23:32:36,-07:00,2026-04-30T23:32:36-07:00,5,18
projects/projects.js,84,js,59df40af,Jack Ding,2026-04-30,23:32:36,-07:00,2026-04-30T23:32:36-07:00,5,17
projects/projects.js,85,js,59df40af,Jack Ding,2026-04-30,23:32:36,-07:00,2026-04-30T23:32:36-07:00,4,6
projects/projects.js,86,js,59df40af,Jack Ding,2026-04-30,23:32:36,-07:00,2026-04-30T23:32:36-07:00,5,21
projects/projects.js,87,js,59df40af,Jack Ding,2026-04-30,23:32:36,-07:00,2026-04-30T23:32:36-07:00,5,18
projects/projects.js,88,js,59df40af,Jack Ding,2026-04-30,23:32:36,-07:00,2026-04-30T23:32:36-07:00,4,0
projects/projects.js,89,js,59df40af,Jack Ding,2026-04-30,23:32:36,-07:00,2026-04-30T23:32:36-07:00,0,0
projects/projects.js,90,js,59df40af,Jack Ding,2026-04-30,23:32:36,-07:00,2026-04-30T23:32:36-07:00,4,11
projects/projects.js,91,js,59df40af,Jack Ding,2026-04-30,23:32:36,-07:00,2026-04-30T23:32:36-07:00,3,1
projects/projects.js,92,js,59df40af,Jack Ding,2026-04-30,23:32:36,-07:00,2026-04-30T23:32:36-07:00,1,1
projects/projects.js,93,js,59df40af,Jack Ding,2026-04-30,23:32:36,-07:00,2026-04-30T23:32:36-07:00,0,0
projects/projects.js,94,js,59df40af,Jack Ding,2026-04-30,23:32:36,-07:00,2026-04-30T23:32:36-07:00,0,0
projects/projects.js,95,js,59df40af,Jack Ding,2026-04-30,23:32:36,-07:00,2026-04-30T23:32:36-07:00,0,21
projects/projects.js,96,js,59df40af,Jack Ding,2026-04-30,23:32:36,-07:00,2026-04-30T23:32:36-07:00,1,49
projects/projects.js,97,js,59df40af,Jack Ding,2026-04-30,23:32:36,-07:00,2026-04-30T23:32:36-07:00,0,0
projects/projects.js,98,js,59df40af,Jack Ding,2026-04-30,23:32:36,-07:00,2026-04-30T23:32:36-07:00,1,87
projects/projects.js,99,js,59df40af,Jack Ding,2026-04-30,23:32:36,-07:00,2026-04-30T23:32:36-07:00,2,18
projects/projects.js,100,js,59df40af,Jack Ding,2026-04-30,23:32:36,-07:00,2026-04-30T23:32:36-07:00,2,17
projects/projects.js,101,js,59df40af,Jack Ding,2026-04-30,23:32:36,-07:00,2026-04-30T23:32:36-07:00,1,0
projects/projects.js,102,js,59df40af,Jack Ding,2026-04-30,23:32:36,-07:00,2026-04-30T23:32:36-07:00,0,0
projects/projects.js,103,js,59df40af,Jack Ding,2026-04-30,23:32:36,-07:00,2026-04-30T23:32:36-07:00,1,41
projects/projects.js,104,js,59df40af,Jack Ding,2026-04-30,23:32:36,-07:00,2026-04-30T23:32:36-07:00,0,0
projects/projects.js,105,js,59df40af,Jack Ding,2026-04-30,23:32:36,-07:00,2026-04-30T23:32:36-07:00,1,55
projects/projects.js,106,js,59df40af,Jack Ding,2026-04-30,23:32:36,-07:00,2026-04-30T23:32:36-07:00,1,31
projects/projects.js,107,js,59df40af,Jack Ding,2026-04-30,23:32:36,-07:00,2026-04-30T23:32:36-07:00,0,0
projects/projects.js,108,js,59df40af,Jack Ding,2026-04-30,23:32:36,-07:00,2026-04-30T23:32:36-07:00,1,10
projects/projects.js,109,js,59df40af,Jack Ding,2026-04-30,23:32:36,-07:00,2026-04-30T23:32:36-07:00,2,55
projects/projects.js,110,js,59df40af,Jack Ding,2026-04-30,23:32:36,-07:00,2026-04-30T23:32:36-07:00,1,0
projects/projects.js,111,js,59df40af,Jack Ding,2026-04-30,23:32:36,-07:00,2026-04-30T23:32:36-07:00,0,0
projects/projects.js,112,js,59df40af,Jack Ding,2026-04-30,23:32:36,-07:00,2026-04-30T23:32:36-07:00,0,0
projects/projects.js,113,js,59df40af,Jack Ding,2026-04-30,23:32:36,-07:00,2026-04-30T23:32:36-07:00,0,11
projects/projects.js,114,js,600dfdb2,Jack Ding,2026-04-24,19:45:48,-07:00,2026-04-24T19:45:48-07:00,0,0
projects/projects.js,115,js,59df40af,Jack Ding,2026-04-30,23:32:36,-07:00,2026-04-30T23:32:36-07:00,0,48
projects/projects.js,116,js,59df40af,Jack Ding,2026-04-30,23:32:36,-07:00,2026-04-30T23:32:36-07:00,1,25
projects/projects.js,117,js,59df40af,Jack Ding,2026-04-30,23:32:36,-07:00,2026-04-30T23:32:36-07:00,1,11
projects/projects.js,118,js,59df40af,Jack Ding,2026-04-30,23:32:36,-07:00,2026-04-30T23:32:36-07:00,0,1
projects/index.html,1,html,dc467642,Jack Ding,2026-04-03,13:13:07,-07:00,2026-04-03T13:13:07-07:00,0,13
projects/index.html,2,html,dc467642,Jack Ding,2026-04-03,13:13:07,-07:00,2026-04-03T13:13:07-07:00,0,14
projects/index.html,3,html,dc467642,Jack Ding,2026-04-03,13:13:07,-07:00,2026-04-03T13:13:07-07:00,0,4
projects/index.html,4,html,dc467642,Jack Ding,2026-04-03,13:13:07,-07:00,2026-04-03T13:13:07-07:00,2,20
projects/index.html,5,html,dc467642,Jack Ding,2026-04-03,13:13:07,-07:00,2026-04-03T13:13:07-07:00,2,68
projects/index.html,6,html,dc467642,Jack Ding,2026-04-03,13:13:07,-07:00,2026-04-03T13:13:07-07:00,2,21
projects/index.html,7,html,dc467642,Jack Ding,2026-04-03,13:13:07,-07:00,2026-04-03T13:13:07-07:00,2,43
projects/index.html,8,html,dc467642,Jack Ding,2026-04-03,13:13:07,-07:00,2026-04-03T13:13:07-07:00,0,5
projects/index.html,9,html,dc467642,Jack Ding,2026-04-03,13:13:07,-07:00,2026-04-03T13:13:07-07:00,0,4
projects/index.html,10,html,dc467642,Jack Ding,2026-04-03,13:13:07,-07:00,2026-04-03T13:13:07-07:00,0,0
projects/index.html,11,html,79be8379,Jack Ding,2026-04-24,15:48:02,-07:00,2026-04-24T15:48:02-07:00,2,38
projects/index.html,12,html,c3457729,Jack Ding,2026-04-10,20:07:50,-07:00,2026-04-10T20:07:50-07:00,0,0
projects/index.html,13,html,59df40af,Jack Ding,2026-04-30,23:32:36,-07:00,2026-04-30T23:32:36-07:00,2,26
projects/index.html,14,html,59df40af,Jack Ding,2026-04-30,23:32:36,-07:00,2026-04-30T23:32:36-07:00,4,58
projects/index.html,15,html,59df40af,Jack Ding,2026-04-30,23:32:36,-07:00,2026-04-30T23:32:36-07:00,4,22
projects/index.html,16,html,59df40af,Jack Ding,2026-04-30,23:32:36,-07:00,2026-04-30T23:32:36-07:00,2,4
projects/index.html,17,html,59df40af,Jack Ding,2026-04-30,23:32:36,-07:00,2026-04-30T23:32:36-07:00,0,0
projects/index.html,18,html,59df40af,Jack Ding,2026-04-30,23:32:36,-07:00,2026-04-30T23:32:36-07:00,2,4
projects/index.html,19,html,59df40af,Jack Ding,2026-04-30,23:32:36,-07:00,2026-04-30T23:32:36-07:00,4,15
projects/index.html,20,html,59df40af,Jack Ding,2026-04-30,23:32:36,-07:00,2026-04-30T23:32:36-07:00,4,11
projects/index.html,21,html,59df40af,Jack Ding,2026-04-30,23:32:36,-07:00,2026-04-30T23:32:36-07:00,4,26
projects/index.html,22,html,59df40af,Jack Ding,2026-04-30,23:32:36,-07:00,2026-04-30T23:32:36-07:00,4,28
projects/index.html,23,html,59df40af,Jack Ding,2026-04-30,23:32:36,-07:00,2026-04-30T23:32:36-07:00,2,0
projects/index.html,24,html,59df40af,Jack Ding,2026-04-30,23:32:36,-07:00,2026-04-30T23:32:36-07:00,0,0
projects/index.html,25,html,79be8379,Jack Ding,2026-04-24,15:48:02,-07:00,2026-04-24T15:48:02-07:00,2,26
projects/index.html,26,html,530e9b45,Jack Ding,2026-04-17,11:21:42,-07:00,2026-04-17T11:21:42-07:00,0,0
projects/index.html,27,html,530e9b45,Jack Ding,2026-04-17,11:21:42,-07:00,2026-04-17T11:21:42-07:00,2,48
projects/index.html,28,html,79be8379,Jack Ding,2026-04-24,15:48:02,-07:00,2026-04-24T15:48:02-07:00,2,47
projects/index.html,29,html,c3457729,Jack Ding,2026-04-10,20:07:50,-07:00,2026-04-10T20:07:50-07:00,0,0
projects/index.html,30,html,dc467642,Jack Ding,2026-04-03,13:13:07,-07:00,2026-04-03T13:13:07-07:00,0,5
projects/index.html,31,html,dc467642,Jack Ding,2026-04-03,13:13:07,-07:00,2026-04-03T13:13:07-07:00,0,5
contact/index.html,1,html,dc467642,Jack Ding,2026-04-03,13:13:07,-07:00,2026-04-03T13:13:07-07:00,0,13
contact/index.html,2,html,dc467642,Jack Ding,2026-04-03,13:13:07,-07:00,2026-04-03T13:13:07-07:00,0,14
contact/index.html,3,html,dc467642,Jack Ding,2026-04-03,13:13:07,-07:00,2026-04-03T13:13:07-07:00,0,4
contact/index.html,4,html,dc467642,Jack Ding,2026-04-03,13:13:07,-07:00,2026-04-03T13:13:07-07:00,2,20
contact/index.html,5,html,dc467642,Jack Ding,2026-04-03,13:13:07,-07:00,2026-04-03T13:13:07-07:00,2,68
contact/index.html,6,html,dc467642,Jack Ding,2026-04-03,13:13:07,-07:00,2026-04-03T13:13:07-07:00,2,20
contact/index.html,7,html,dc467642,Jack Ding,2026-04-03,13:13:07,-07:00,2026-04-03T13:13:07-07:00,2,43
contact/index.html,8,html,dc467642,Jack Ding,2026-04-03,13:13:07,-07:00,2026-04-03T13:13:07-07:00,0,5
contact/index.html,9,html,dc467642,Jack Ding,2026-04-03,13:13:07,-07:00,2026-04-03T13:13:07-07:00,0,4
contact/index.html,10,html,dc467642,Jack Ding,2026-04-03,13:13:07,-07:00,2026-04-03T13:13:07-07:00,0,0
contact/index.html,11,html,dc467642,Jack Ding,2026-04-03,13:13:07,-07:00,2026-04-03T13:13:07-07:00,2,14
contact/index.html,12,html,dc467642,Jack Ding,2026-04-03,13:13:07,-07:00,2026-04-03T13:13:07-07:00,0,0
contact/index.html,13,html,e80d2600,Jack Ding,2026-04-17,16:04:00,-07:00,2026-04-17T16:04:00-07:00,2,41
contact/index.html,14,html,e80d2600,Jack Ding,2026-04-17,16:04:00,-07:00,2026-04-17T16:04:00-07:00,3,5
contact/index.html,15,html,e80d2600,Jack Ding,2026-04-17,16:04:00,-07:00,2026-04-17T16:04:00-07:00,4,6
contact/index.html,16,html,e80d2600,Jack Ding,2026-04-17,16:04:00,-07:00,2026-04-17T16:04:00-07:00,4,22
contact/index.html,17,html,e80d2600,Jack Ding,2026-04-17,16:04:00,-07:00,2026-04-17T16:04:00-07:00,3,6
contact/index.html,18,html,cae2e00b,Jack Ding,2026-04-03,13:18:37,-07:00,2026-04-03T13:18:37-07:00,0,0
contact/index.html,19,html,e80d2600,Jack Ding,2026-04-17,16:04:00,-07:00,2026-04-17T16:04:00-07:00,3,5
contact/index.html,20,html,e80d2600,Jack Ding,2026-04-17,16:04:00,-07:00,2026-04-17T16:04:00-07:00,4,6
contact/index.html,21,html,e80d2600,Jack Ding,2026-04-17,16:04:00,-07:00,2026-04-17T16:04:00-07:00,4,31
contact/index.html,22,html,e80d2600,Jack Ding,2026-04-17,16:04:00,-07:00,2026-04-17T16:04:00-07:00,3,6
contact/index.html,23,html,cae2e00b,Jack Ding,2026-04-03,13:18:37,-07:00,2026-04-03T13:18:37-07:00,0,0
contact/index.html,24,html,e80d2600,Jack Ding,2026-04-17,16:04:00,-07:00,2026-04-17T16:04:00-07:00,3,19
contact/index.html,25,html,e80d2600,Jack Ding,2026-04-17,16:04:00,-07:00,2026-04-17T16:04:00-07:00,2,5
contact/index.html,26,html,cae2e00b,Jack Ding,2026-04-03,13:18:37,-07:00,2026-04-03T13:18:37-07:00,0,0
contact/index.html,27,html,530e9b45,Jack Ding,2026-04-17,11:21:42,-07:00,2026-04-17T11:21:42-07:00,1,48
contact/index.html,28,html,530e9b45,Jack Ding,2026-04-17,11:21:42,-07:00,2026-04-17T11:21:42-07:00,0,0
contact/index.html,29,html,dc467642,Jack Ding,2026-04-03,13:13:07,-07:00,2026-04-03T13:13:07-07:00,0,5
contact/index.html,30,html,dc467642,Jack Ding,2026-04-03,13:13:07,-07:00,2026-04-03T13:13:07-07:00,0,5
